LeadId,Converted,predicted,Score
4715,0,0,16
7132,1,1,59
8954,0,1,86
5283,0,0,20
3003,0,0,25
478,0,0,8
1352,1,1,51
3166,1,0,35
7700,0,0,26
2647,0,0,8
7420,1,1,99
4782,1,1,99
4331,1,1,86
3122,0,0,8
1033,0,0,20
3817,1,1,95
5927,0,0,2
2598,1,1,88
5504,0,0,16
3704,0,0,9
7826,0,0,18
3370,1,1,90
4717,1,1,98
3590,1,0,16
4794,1,1,79
1425,1,1,85
4562,0,0,16
1871,0,0,27
480,0,0,16
8869,0,1,78
5652,0,0,22
527,0,0,8
722,1,1,52
4328,0,0,34
3574,0,0,6
220,1,1,97
8479,1,1,76
5350,0,1,50
4022,1,1,88
2874,0,0,23
3133,0,0,8
8234,1,0,6
5007,1,1,85
7887,1,1,100
2995,0,1,66
3942,1,1,71
8874,1,1,41
5118,0,0,9
2391,0,0,32
3248,1,1,80
7256,0,0,16
1983,1,1,56
8654,0,0,8
1554,0,0,7
8394,1,0,29
3349,0,0,11
8775,0,1,81
7160,0,0,16
5027,1,1,83
1677,0,0,1
6087,0,0,8
4870,0,0,16
901,1,0,31
6033,0,0,12
2296,1,1,93
6312,0,0,16
296,0,0,11
8037,0,0,7
57,1,1,70
6125,1,1,92
8267,1,1,38
7356,1,1,95
5650,0,0,16
2676,1,1,98
6100,0,0,16
5667,0,0,10
4469,0,0,25
6480,1,1,96
295,0,0,12
2580,1,1,68
5103,0,0,4
3519,1,1,72
648,0,0,13
1370,1,0,16
9104,1,1,71
9105,1,1,47
6884,1,1,84
6361,1,1,63
3859,0,0,8
6908,0,0,19
681,0,0,11
434,0,0,25
4738,1,1,80
8356,0,0,11
1489,0,0,33
812,0,0,2
1882,1,1,83
8531,0,0,5
4161,0,0,12
3205,0,0,10
1940,0,0,20
5173,1,1,98
4981,0,0,8
1612,1,1,86
1181,0,0,6
1375,0,0,5
7263,1,0,16
3608,1,1,66
626,0,0,2
4947,1,1,97
1669,0,0,26
2112,0,1,45
5549,1,1,84
2888,1,1,81
5533,0,0,6
5247,0,0,35
84,1,0,30
5909,0,0,7
7639,0,0,4
2283,1,0,31
2887,0,0,4
8461,1,1,64
6495,0,0,2
418,0,0,13
4414,0,0,8
3131,0,0,7
2709,1,1,87
2357,1,1,100
6387,0,0,13
1366,0,0,8
293,1,1,49
7337,1,0,8
8737,0,1,38
1506,1,0,32
8339,1,1,67
6246,0,1,43
1634,0,1,38
9032,1,0,32
8834,0,1,84
7807,0,0,8
8572,0,0,31
1563,1,1,92
7801,0,0,3
4233,1,1,93
1979,1,1,88
1883,1,1,57
438,1,1,78
3746,0,0,32
3879,0,0,16
4030,1,1,99
7627,1,1,94
7940,0,0,6
2280,0,0,16
3410,0,1,70
5332,0,0,5
4574,0,0,6
373,1,1,100
4407,1,1,88
8513,0,0,14
2585,1,1,82
1332,1,1,93
5637,1,1,87
7362,0,0,13
5939,0,0,8
1784,0,0,16
8385,1,0,28
3720,0,0,8
3443,0,1,75
6219,0,1,40
7156,1,1,67
2860,0,1,94
8791,1,0,23
8713,0,0,15
2897,1,1,87
366,0,0,16
7874,0,0,12
7047,0,1,52
7497,1,0,9
3209,1,1,71
2653,1,1,96
5351,0,1,42
5556,0,0,9
1541,0,0,8
3019,1,1,99
322,0,0,3
2031,1,1,81
993,0,1,47
9203,1,1,89
7974,0,0,8
6397,0,0,4
8496,0,0,37
5651,1,1,46
8845,0,0,20
2184,1,0,19
110,1,1,100
4506,0,1,63
5701,0,0,7
1079,1,1,65
2226,1,1,47
3169,0,0,7
9199,0,1,41
2705,1,1,85
5769,1,1,98
4294,0,0,8
1164,1,0,37
5180,1,1,47
1450,1,1,98
7864,0,0,5
6850,0,1,57
5478,0,0,6
5358,0,1,47
5820,1,0,16
8689,0,0,16
4121,0,0,34
6872,1,1,51
8256,0,0,8
8983,0,0,27
7767,1,1,73
8314,1,1,91
8327,1,1,54
3944,1,1,85
1514,0,0,6
2313,0,1,50
8449,0,0,34
1451,0,0,22
2020,1,1,88
5832,1,1,96
4834,1,0,32
8456,0,0,4
4722,0,0,4
838,1,0,10
9161,0,0,8
2374,1,0,3
3715,1,1,53
5529,1,1,47
7508,1,0,17
6198,0,0,5
5882,1,1,100
8251,0,0,13
450,0,0,20
8398,0,1,87
1714,1,1,98
7361,1,0,25
8305,0,0,16
339,0,1,55
3869,0,0,7
5227,0,0,16
8439,0,0,8
7760,1,1,48
2670,0,1,42
1419,1,1,63
34,1,0,15
7135,0,0,16
7692,1,1,47
5924,0,0,34
5162,0,1,72
3535,1,1,97
1410,0,0,11
6271,0,0,16
2170,0,0,3
4342,1,1,48
889,1,1,47
9036,0,0,29
5775,1,0,16
6193,1,1,86
2244,1,1,49
5973,0,1,48
9084,1,1,98
3838,1,1,47
8742,1,0,3
5990,0,0,10
432,0,0,10
1654,0,0,17
178,1,1,96
4247,0,0,17
5354,1,0,6
8581,1,1,100
6604,0,0,9
1886,1,1,82
9139,0,0,33
1786,1,1,47
1590,0,0,8
6623,0,0,8
7228,1,1,81
2181,0,0,17
5795,1,1,99
4269,1,1,75
2069,1,1,93
8535,0,0,5
7773,1,1,63
1121,0,0,25
880,1,1,73
4196,0,1,43
8990,0,1,97
5722,0,0,12
7044,0,0,6
4339,0,0,10
1209,0,0,9
6854,0,1,47
3774,1,0,30
8365,0,0,4
1706,0,1,50
1158,1,1,64
2306,0,0,5
7573,0,0,6
8100,1,1,60
9153,0,1,91
7235,1,1,91
6593,1,1,81
4094,0,0,8
9182,0,1,41
3207,1,1,88
8088,1,1,94
1564,1,1,90
1782,0,0,16
8051,0,1,38
4899,1,0,13
3459,1,0,20
904,0,0,5
8933,1,1,88
8465,1,0,36
7758,0,0,4
4765,1,1,38
2080,1,1,47
1565,1,1,89
5059,0,0,4
8589,0,0,18
5407,0,0,16
3881,1,1,38
5234,0,0,30
6953,1,1,58
6589,0,0,12
5446,0,0,5
1113,0,0,27
2646,0,0,8
4284,1,1,53
6056,0,0,4
7747,0,0,13
5528,1,0,5
2300,0,0,8
6053,0,0,23
254,1,0,14
5396,0,0,25
8622,1,0,8
5168,0,0,23
5981,0,0,20
5965,1,0,16
3991,0,0,29
7645,0,0,8
5677,0,1,50
2589,1,1,66
4038,1,1,83
6414,0,1,54
303,0,1,43
5270,1,1,85
3460,0,0,25
5464,0,0,5
3102,0,0,6
3501,0,0,29
3773,0,0,5
1436,1,1,94
3332,1,1,87
6774,1,1,95
376,0,0,8
1869,1,1,96
4639,0,0,7
5064,0,0,16
1834,0,0,19
1658,0,0,16
755,0,0,11
7255,0,0,16
4580,1,1,47
8544,0,0,5
290,0,0,8
2236,0,0,10
4019,0,0,4
3543,1,1,98
2118,1,1,92
7544,0,0,8
5903,0,0,11
501,0,0,4
5070,0,1,43
5294,0,0,30
8745,1,1,96
1539,1,0,6
8182,0,0,2
1211,0,0,3
2996,0,0,13
7963,1,1,82
8420,1,0,31
672,0,1,39
6759,0,0,33
5426,1,1,75
6081,0,0,4
5710,0,0,6
5402,0,0,8
8046,0,0,5
1464,0,0,10
4322,0,1,59
8087,1,1,96
1192,0,0,5
7632,0,0,6
5840,1,1,92
2264,1,0,6
5687,1,1,98
421,0,0,11
505,1,0,26
9172,1,1,86
2623,1,1,87
1582,0,0,9
506,0,0,4
5226,0,0,5
2405,1,1,65
5666,1,1,69
3404,0,0,8
621,0,0,5
2126,1,1,96
8399,1,0,31
7744,0,1,41
4220,0,0,16
1773,1,1,64
7257,0,1,52
7203,0,0,16
4800,0,0,8
347,0,0,24
797,0,0,16
5982,0,0,6
2829,0,0,22
4751,0,0,28
1490,1,1,88
8607,0,0,18
7958,0,0,8
8923,1,1,47
312,0,0,25
4885,1,1,80
746,0,1,88
790,0,0,15
2476,0,0,16
2024,1,0,33
3981,1,0,2
2570,1,1,48
5422,0,0,16
8624,1,1,47
7718,0,0,15
5673,1,1,79
4919,1,1,47
5304,1,1,97
259,0,0,3
2163,1,1,100
8459,0,0,20
380,0,0,8
5151,0,0,4
1292,1,1,88
1912,0,0,8
7613,0,0,4
599,0,0,35
45,0,0,17
1444,1,1,92
1652,1,1,45
2699,0,0,8
1901,0,1,45
1893,0,0,11
1944,0,0,8
2406,0,0,5
8337,0,0,8
9023,0,0,36
3639,0,0,9
1966,0,0,6
3282,1,1,42
6711,1,1,77
4209,0,0,8
5033,0,1,45
1600,0,1,61
8454,0,0,11
1392,0,0,7
4740,1,1,40
3529,0,0,16
4362,0,1,53
4464,0,0,36
3693,1,1,69
426,1,0,21
5288,0,0,35
2853,1,1,95
410,0,0,8
8405,0,0,4
8296,1,1,76
8061,1,1,100
2486,1,1,100
4348,0,1,47
779,0,0,4
5540,1,1,43
4253,1,1,98
4382,1,1,88
210,1,0,26
2487,1,1,47
7238,1,1,85
5866,0,1,71
8683,0,0,6
3148,0,0,8
8348,1,0,28
1049,0,1,57
8357,0,0,7
5880,0,0,16
6657,0,0,13
2035,0,0,16
4417,0,0,16
8820,0,1,79
7799,0,0,12
1972,0,0,8
9146,0,1,41
2099,0,0,20
1499,0,0,6
1109,0,0,2
4819,1,0,16
4262,0,0,16
652,0,0,3
3803,1,0,24
2732,0,0,3
3034,1,1,95
5255,1,0,21
242,1,0,34
1795,0,0,3
1702,0,0,8
8963,1,1,54
5558,0,0,9
5896,1,1,82
4353,1,1,79
4871,0,1,55
1498,0,0,24
2756,1,1,47
3870,1,0,23
5531,0,1,68
2178,0,0,4
4603,1,0,8
6870,0,0,13
2076,0,0,29
9236,0,1,80
7272,0,1,67
705,0,0,3
1872,0,0,8
4074,0,1,47
3182,1,1,93
4127,0,0,8
4942,1,1,87
6669,0,0,2
8658,0,1,46
3946,1,0,29
5045,0,1,65
8566,1,0,22
3685,1,1,98
7181,0,1,44
565,1,0,31
6066,1,1,99
3784,0,0,18
4898,1,1,47
2987,0,0,13
640,0,0,12
3969,1,1,69
6111,0,0,7
2778,0,1,60
507,1,1,100
7814,1,1,96
1964,0,0,6
6836,0,0,6
1534,0,1,49
325,0,0,7
3272,1,1,100
6648,0,0,14
2338,1,1,89
5929,0,0,5
5816,0,0,35
4344,0,0,9
2237,0,0,8
6829,1,1,96
4824,0,1,73
5617,1,0,16
8931,0,1,48
4830,1,1,100
4273,0,0,12
864,1,0,16
6388,0,0,16
8455,0,0,10
9061,1,1,58
4994,0,1,80
2815,0,1,54
5411,1,0,35
4416,0,0,33
371,0,1,60
5669,0,1,89
4832,1,1,100
3884,0,0,8
2542,1,1,52
8145,0,0,28
4984,1,1,90
7310,0,0,19
5754,0,0,25
9038,0,0,19
2364,1,1,47
3213,0,1,46
5831,0,0,16
1360,1,1,83
911,0,1,39
8349,0,0,26
7584,0,0,10
5518,0,0,10
8830,0,0,18
3680,0,0,3
6844,1,1,83
6120,1,1,53
964,1,1,82
7113,1,1,92
1423,1,1,94
122,1,0,28
479,0,0,2
662,1,1,94
7234,1,1,100
4056,1,1,47
3567,0,0,10
6718,0,0,4
2988,1,1,80
3473,1,1,94
2776,0,0,3
439,0,0,22
1379,1,0,32
4694,0,0,8
3710,1,1,89
4656,0,0,9
8269,0,0,4
1443,0,0,35
5770,0,0,8
7068,0,0,16
1477,0,0,5
2039,0,0,18
1173,1,0,7
5812,1,1,95
6274,0,0,13
3852,1,1,89
4277,0,0,7
5376,1,1,85
4550,1,1,65
2893,0,1,48
2669,0,0,8
4439,0,0,5
279,0,0,16
4140,1,1,39
7910,1,1,38
3411,1,1,55
7675,0,1,48
5164,0,0,3
2571,1,1,86
5938,1,0,16
7678,0,0,16
3265,1,1,85
1101,0,0,8
568,1,1,46
1694,0,0,8
3497,1,1,92
4113,1,0,14
6695,0,0,33
8099,1,1,75
6086,0,0,4
577,0,0,15
59,0,0,15
3110,0,0,16
787,0,1,40
4077,0,0,11
8987,1,1,88
3524,1,1,47
6582,1,1,61
9092,0,1,59
5325,0,0,11
6101,1,1,74
4896,1,1,84
8546,0,0,4
3647,0,0,7
3393,0,0,9
4965,1,1,70
3231,0,0,3
5021,1,1,81
335,1,1,94
7552,1,1,96
4852,1,1,41
9114,0,0,16
8288,0,1,42
467,0,0,7
184,0,1,44
5809,0,0,20
6008,1,1,96
420,0,0,11
2350,0,0,6
553,1,1,42
1397,1,1,100
1384,0,0,13
3914,1,1,76
4275,1,0,37
1760,0,0,28
8661,0,0,10
297,0,0,3
443,1,1,39
777,1,0,34
8233,1,0,22
1119,0,0,8
6325,1,1,86
3994,0,0,22
6401,0,0,6
4128,0,0,13
1921,0,0,4
655,0,0,13
6613,0,0,8
2229,0,1,59
4828,0,0,27
2842,0,0,4
2537,0,0,4
3615,1,1,100
7139,0,0,13
8553,0,0,31
2540,0,0,17
5274,0,0,7
1194,0,0,35
5447,0,1,91
3367,1,1,48
2457,1,1,100
2578,1,1,47
8188,0,0,12
8408,1,0,27
9191,0,0,32
2758,0,0,8
7202,1,1,53
3533,1,0,12
558,0,0,31
320,1,1,78
3039,0,1,76
1371,1,1,57
3296,1,1,82
4347,1,1,48
907,1,0,27
5039,0,0,25
1433,1,1,43
3861,0,0,37
8201,0,1,38
6142,0,0,16
8124,0,1,57
7691,1,1,98
5153,0,0,8
3159,0,0,8
7318,0,0,14
926,0,0,37
5197,1,1,99
2470,0,0,4
4303,0,0,14
15,1,1,38
143,0,0,3
9125,0,1,59
2363,0,0,13
6997,1,1,47
7363,0,0,16
1161,0,0,5
7332,0,0,4
7173,0,1,47
4372,0,0,10
6006,0,0,8
1204,0,0,8
3548,0,0,3
1362,0,0,29
3916,0,0,8
1212,0,0,4
1876,0,0,6
7163,0,0,7
7358,0,0,17
4985,0,1,61
8021,1,0,26
5190,1,1,67
6030,0,0,7
1170,1,1,52
579,0,0,4
2182,1,0,3
6956,0,0,8
6957,0,0,14
7647,0,0,6
1833,0,0,3
7084,0,0,14
1825,0,0,6
7134,0,0,16
6805,1,0,28
1859,1,1,88
4098,0,0,3
3962,0,0,8
2685,1,1,87
5381,0,0,4
4101,0,0,4
4747,0,0,5
3121,0,0,23
387,0,0,17
6586,1,1,41
1032,1,1,89
6647,1,1,100
2488,0,0,8
5307,0,1,90
2286,1,1,69
3187,1,1,99
2629,1,1,93
4132,1,1,59
8611,0,1,58
3058,0,0,3
7781,0,0,3
931,0,0,6
6323,1,1,77
691,0,0,8
7603,0,0,17
1891,0,0,8
2268,1,1,82
8129,0,1,79
829,1,1,50
3498,1,1,100
6347,1,0,36
2081,1,1,47
7820,1,1,85
8721,0,1,42
44,0,0,13
3101,0,0,9
4438,1,1,91
3012,1,1,91
3787,0,0,8
4235,0,0,7
223,1,1,44
2965,0,0,10
1187,0,0,9
6395,1,1,88
837,0,0,7
7080,1,1,47
1683,1,1,93
7701,0,1,86
3059,0,0,19
3382,0,0,8
8189,1,1,97
7465,0,0,2
63,0,0,8
3092,0,0,8
617,1,1,45
5264,0,0,8
6696,0,0,15
3502,0,0,5
227,0,1,41
5292,1,1,99
7293,0,1,43
7136,1,1,40
8315,0,0,8
3195,0,1,41
9230,0,1,78
3945,1,1,88
4631,0,0,28
969,1,0,5
1805,1,1,38
2447,0,0,31
925,1,1,47
7453,1,1,97
3733,0,0,19
5454,0,0,16
8966,1,1,90
7507,0,0,30
2851,1,1,87
8235,1,0,4
4375,1,1,98
1860,1,1,88
5457,0,0,16
8214,0,0,8
6608,1,1,94
7949,1,0,36
4350,0,0,8
252,0,0,25
8887,0,1,39
6687,1,1,90
3626,0,0,23
1789,0,0,8
7106,0,0,8
2059,0,1,68
5398,0,0,22
3047,0,0,22
3880,0,0,8
6138,1,1,72
1902,0,0,13
2750,0,0,16
3334,0,0,3
2119,1,1,65
7616,0,0,16
4709,0,0,2
6796,0,0,8
8727,0,0,23
2689,1,0,35
6147,1,0,21
4755,0,1,44
1923,1,1,96
6129,1,1,70
75,1,1,41
2345,1,1,63
2351,0,1,38
4634,1,1,100
430,1,1,58
5257,0,0,16
4604,1,1,80
952,0,1,45
5696,0,0,16
9164,1,1,86
5500,0,0,9
3844,0,1,64
9112,0,0,2
7018,1,1,89
3742,0,0,16
6463,0,0,2
240,1,0,10
783,0,0,6
1354,1,1,100
3066,0,0,7
4814,0,0,34
977,1,1,53
809,0,1,72
2168,0,0,27
8055,1,1,99
4844,1,1,98
1599,0,0,18
2941,0,0,16
6460,1,1,86
8390,0,0,8
7731,0,0,8
684,0,0,34
5296,0,0,11
6485,0,0,8
1620,0,0,13
4341,1,0,37
1482,0,0,11
2146,0,0,11
1801,0,0,10
2095,1,1,79
8054,0,1,98
4427,0,0,7
1357,0,0,29
6821,0,0,5
5117,0,0,24
6922,0,0,6
4381,0,0,6
4405,0,0,8
6946,1,1,40
5456,1,0,6
6927,0,0,32
6137,0,1,79
4601,0,1,85
1609,1,1,55
4048,1,1,83
494,1,1,100
4075,0,0,22
3319,1,1,51
4012,1,1,45
2017,0,0,8
6622,0,1,47
2328,0,1,47
29,1,1,75
6017,1,1,74
4556,1,1,98
9054,1,1,78
3118,0,1,67
1092,1,1,57
3246,1,1,86
124,0,1,55
5436,1,1,47
7541,0,0,19
8033,0,1,44
6301,1,1,73
9085,0,0,4
2298,0,0,16
6562,0,0,26
1553,1,1,43
8452,1,0,20
3341,0,0,8
598,1,1,96
2123,0,0,16
7824,0,0,7
1416,1,1,88
5577,1,1,93
4104,0,0,8
6005,1,1,80
5306,0,1,75
5963,0,0,8
8924,0,1,42
4972,0,0,25
2197,1,1,77
5120,1,1,77
3605,0,0,8
3362,0,1,39
5792,1,1,99
8819,1,1,62
725,1,1,80
4159,0,0,4
978,0,1,49
808,1,1,60
4280,0,0,6
7066,0,0,4
958,1,0,11
4429,1,0,34
5452,0,0,12
4907,0,0,13
810,1,1,96
5014,0,0,20
9040,1,0,8
834,0,0,34
4354,0,0,6
2423,0,0,10
6084,0,0,8
6859,1,0,10
1235,0,0,8
1225,0,0,8
6743,1,1,69
6781,0,1,50
4471,0,0,3
4013,1,1,100
4299,0,0,12
3217,1,1,47
8263,0,0,9
287,0,0,12
7520,1,1,71
2966,0,0,8
3164,0,0,4
5074,0,1,76
6594,0,0,8
7097,0,0,14
1657,0,0,26
1975,0,0,25
2397,1,1,90
452,1,0,37
6795,0,0,13
7550,0,0,16
4651,1,0,22
5876,0,0,3
7194,0,0,13
2619,0,0,18
422,1,0,25
9117,0,1,59
1220,0,0,5
2929,0,0,15
657,1,1,98
3301,0,0,5
4932,0,1,43
2845,0,0,7
3023,0,0,4
6333,0,0,8
8903,0,1,64
1001,0,0,22
102,0,0,20
2418,1,1,81
8299,0,0,31
4461,0,1,92
6436,0,0,8
7153,0,0,14
1580,0,0,6
6842,1,1,55
2248,0,0,12
2206,0,1,40
170,0,1,66
7630,0,0,17
135,1,1,98
757,0,0,4
5794,1,1,99
1310,1,1,83
1217,0,0,11
2284,0,1,56
5635,0,0,8
2905,0,0,23
8402,1,1,51
3892,0,0,6
5883,0,0,5
1935,0,0,4
3980,0,0,7
1743,0,0,11
7845,1,1,75
807,1,1,92
2045,0,0,24
5818,1,1,99
462,0,0,14
2927,0,0,8
1956,1,0,16
2445,0,0,2
4961,0,1,42
4953,0,0,4
5193,0,0,19
3235,0,0,28
799,1,1,86
2402,1,1,83
4842,0,0,16
1073,0,0,5
4649,0,1,41
5893,0,0,12
144,0,0,3
8506,0,0,21
1340,1,1,58
9179,0,0,5
7514,0,1,47
2091,0,0,15
6403,0,1,38
8895,1,1,87
9198,0,1,46
5743,0,1,73
6121,0,0,8
6572,0,0,27
8341,0,0,16
4975,0,0,17
5781,0,0,6
1003,1,0,16
4581,1,1,76
8875,0,0,2
7537,1,1,99
4421,1,1,90
3470,0,0,12
4480,1,1,98
555,0,0,15
8743,1,1,87
4486,0,0,26
8436,0,0,16
1485,0,0,20
7382,0,0,9
1272,0,0,5
5009,1,1,70
1411,1,1,44
8644,0,0,3
753,0,0,4
1471,0,1,40
4539,1,1,47
8069,0,1,100
5048,0,0,9
7031,0,0,8
6098,0,0,17
3076,1,1,47
3886,0,0,16
5935,0,0,12
8639,0,0,17
3288,1,1,95
6277,1,1,94
6418,1,1,54
4338,1,1,84
981,0,0,10
3780,0,0,9
8463,0,0,8
4323,0,1,50
2722,1,1,95
8645,1,1,56
1268,0,0,14
2462,0,0,8
4937,0,1,57
268,1,0,27
5323,0,0,5
3580,0,0,5
4613,1,1,97
654,0,0,13
4518,0,0,27
8677,1,1,94
8597,1,1,98
3597,0,0,8
2413,0,0,7
6314,0,1,92
2821,0,0,7
428,0,0,7
589,0,0,17
495,0,0,4
5638,1,1,94
4436,1,1,89
5634,0,0,8
5749,0,1,45
6474,0,0,8
6629,1,1,91
528,0,0,6
1808,0,0,7
5328,0,0,8
5520,0,0,6
2055,1,1,75
1231,0,0,4
2028,0,0,16
8388,0,0,5
677,0,0,7
7484,0,0,22
8413,1,1,85
8986,1,1,97
8632,0,1,47
6153,0,1,45
2741,0,0,8
8025,1,1,53
6972,0,1,41
8562,1,1,56
4609,0,0,16
2432,0,0,12
7365,0,0,16
7440,0,0,16
551,1,1,49
5272,1,0,22
7023,0,0,8
896,1,0,6
1611,1,0,14
4395,1,0,16
6969,0,0,4
8467,0,0,16
1270,1,1,39
673,1,1,43
7568,0,0,18
7292,0,0,25
2004,1,0,27
5324,1,1,39
3806,0,0,16
8955,0,0,6
4680,1,1,100
605,0,0,5
3961,1,0,16
6071,0,0,15
5156,0,0,3
6074,1,0,16
1468,1,1,92
7608,0,0,19
1982,1,1,98
5428,0,0,16
890,0,1,61
6173,0,0,9
6340,0,0,8
843,1,1,38
2155,1,1,72
4304,0,0,16
9029,1,0,8
2077,1,1,60
5863,0,0,11
5253,1,1,88
5746,1,0,19
3520,1,1,68
4927,1,1,91
2799,1,1,38
6128,0,0,10
584,0,0,29
3268,1,1,88
3932,1,1,88
4862,1,1,68
1260,0,0,16
7268,1,1,97
4329,1,1,54
4749,0,0,8
9183,0,0,22
6590,0,0,10
4169,0,0,5
7416,0,0,8
5245,0,0,4
4753,1,1,92
4418,0,1,84
9060,0,1,78
2550,0,0,28
3783,0,0,14
7283,0,0,16
3251,0,0,15
344,0,0,16
2185,0,0,16
6742,0,1,81
7394,0,0,13
5953,1,1,47
8143,0,0,33
8936,0,1,41
871,0,0,11
7735,0,0,10
7988,0,1,41
5111,0,0,12
6601,1,1,97
90,0,0,6
5050,1,1,85
5430,1,1,79
6389,0,0,17
8913,0,1,54
4296,1,1,69
7260,0,0,12
6690,0,0,10
2117,0,0,5
8561,0,0,13
2937,0,0,7
7128,1,1,55
7836,1,0,23
2836,1,1,38
3096,0,0,16
5885,0,0,8
7955,0,0,8
947,1,1,50
2925,1,1,97
6566,0,0,7
3214,0,0,4
4617,0,0,8
7183,0,0,16
883,0,0,5
4645,1,1,89
5952,1,1,82
5210,1,1,81
5960,1,1,88
7442,0,1,40
627,0,0,8
1456,1,1,93
8832,0,1,38
7621,0,0,16
6900,1,0,6
8526,0,0,3
4332,0,0,5
6135,0,0,8
8505,1,1,89
8863,0,1,89
7399,0,0,12
7248,0,0,11
2415,1,1,74
6491,0,0,26
7823,1,0,36
4684,0,0,13
4254,0,1,44
8638,1,0,5
4908,0,0,8
2899,0,1,41
433,0,0,13
2398,0,0,13
4054,0,0,5
2209,0,1,51
1710,1,1,92
3353,1,1,54
8698,0,1,54
4594,0,0,10
104,1,0,28
7539,1,1,87
1186,1,1,91
8272,0,0,3
3184,0,0,10
9046,1,1,91
7045,1,1,100
7430,0,0,6
9135,0,0,16
6790,0,0,19
915,0,1,81
1305,1,1,59
7243,1,1,56
3049,1,1,42
8797,0,0,16
7414,0,0,16
6816,1,1,82
2796,0,0,17
1398,1,1,77
3358,0,0,9
183,0,0,5
6720,0,0,8
9129,0,0,29
8015,0,0,2
5910,0,0,4
6803,0,0,8
2656,1,1,100
7146,0,0,6
1961,1,1,94
5404,0,1,44
5856,1,1,98
9214,1,1,71
1251,0,0,3
3176,1,1,89
6564,0,0,13
4229,0,0,22
6203,0,0,19
5527,0,0,8
3289,1,1,55
7435,1,1,47
6437,0,0,16
4771,1,1,99
5825,1,1,99
1051,1,1,94
7868,0,0,6
5090,0,1,83
5662,1,1,81
272,0,0,15
2042,1,1,93
8144,1,0,7
4392,0,0,16
1086,0,0,17
7094,1,1,99
6785,1,1,74
4623,1,0,33
5646,1,1,68
5875,0,0,8
6553,1,0,16
5114,0,1,40
4326,0,0,7
5225,1,0,26
9235,1,1,89
3478,1,1,100
6020,1,0,17
3924,0,0,8
1748,1,1,78
732,0,1,57
7894,0,0,14
5836,1,1,86
4170,1,1,71
2662,1,1,99
4925,1,0,37
3113,1,1,87
3303,0,0,16
1344,1,0,16
7752,1,1,47
4239,1,1,78
5492,1,1,81
3308,0,0,8
1504,0,0,6
1806,0,0,9
5273,0,0,8
4537,1,1,80
3791,0,0,14
8796,0,1,53
6194,0,0,8
4993,1,1,47
4750,1,1,88
6144,0,0,33
1848,1,1,75
2431,0,0,21
5756,0,0,25
4718,0,0,11
142,1,1,93
8011,0,0,13
8596,0,1,46
9132,0,0,28
3409,0,0,16
1117,0,0,5
1756,0,1,47
497,0,1,42
4374,1,1,93
870,0,0,9
3357,0,0,10
912,0,0,16
721,0,0,6
2805,0,0,4
9186,1,1,95
7517,1,1,47
8861,0,1,59
5570,0,0,16
6068,0,0,10
1520,0,0,23
2746,1,1,71
4789,1,1,84
9148,0,1,41
314,0,0,9
7246,0,0,25
327,1,1,86
4767,0,0,8
4204,1,1,46
3129,0,1,59
8925,0,1,70
8168,0,1,41
3968,0,0,7
4659,0,0,18
1973,1,1,83
336,0,0,10
2764,1,1,91
7381,0,0,15
7278,0,1,40
2985,1,1,68
7741,0,0,9
3477,1,1,88
3558,0,0,16
2809,1,1,92
6110,0,0,11
7081,1,1,85
307,1,0,4
3908,0,0,4
348,1,1,96
8036,0,0,8
8778,1,0,16
8902,1,1,96
3682,0,0,2
5894,0,0,16
7281,0,0,6
2053,0,0,32
71,0,0,16
4848,0,0,34
5933,1,1,78
5308,0,0,10
6888,0,1,60
1666,1,1,47
6504,0,0,21
5467,0,1,56
4535,1,1,69
1445,0,0,26
5873,0,0,8
4745,0,0,2
1695,0,0,16
2892,0,0,16
7765,0,0,14
3203,0,0,26
1630,1,1,65
6311,0,0,5
1881,1,0,35
7353,0,0,8
7451,0,0,8
848,1,1,82
6360,1,1,39
5814,0,0,35
4955,1,1,97
2877,1,1,39
8149,0,0,4
3779,0,0,7
1830,0,0,34
6919,0,1,41
8530,0,0,4
8480,0,1,55
1234,1,1,94
5386,1,0,21
3915,0,0,16
446,1,1,92
844,0,0,5
4872,1,0,37
4564,1,0,33
2440,1,1,76
3103,1,1,75
8507,0,0,6
5739,0,1,67
1294,1,1,47
5723,1,1,83
3442,0,0,16
7395,0,0,16
6152,1,1,84
5165,0,0,8
776,1,0,33
8975,0,1,88
2153,1,1,83
4528,1,1,75
8769,0,1,72
4672,1,1,55
5944,1,1,56
7360,0,0,8
3183,1,1,47
5740,0,0,8
3199,0,0,9
8165,0,0,8
1289,1,1,55
6407,0,0,16
8247,0,0,24
6048,0,0,5
7978,1,1,96
4106,0,0,26
4126,1,1,73
6961,0,0,8
3966,1,0,25
1879,0,0,33
7492,1,1,83
8587,1,1,79
6348,0,0,19
8823,1,1,87
7149,0,0,8
7148,0,0,16
6660,1,0,21
6976,0,0,8
1036,0,0,7
636,0,0,4
4657,0,1,60
4134,1,0,36
7967,1,1,48
1083,0,1,50
861,0,0,5
903,0,0,3
191,0,0,4
109,0,0,13
1942,0,1,74
4463,0,0,8
7580,0,0,11
8788,0,1,97
6196,0,0,8
5793,1,1,99
2775,0,0,16
7032,0,0,29
2323,0,0,3
7698,0,0,5
2617,1,1,74
8008,1,0,35
1094,0,0,8
8023,1,1,78
4721,0,0,8
3135,0,0,14
4801,1,1,45
3805,0,1,46
7905,0,1,94
2654,1,1,54
4483,0,1,83
5231,1,1,47
6717,0,0,10
6815,1,0,16
6450,1,1,82
7793,1,0,10
5928,0,0,16
8949,1,0,21
2202,0,0,19
6378,0,1,81
7962,0,1,84
4512,1,1,47
975,1,0,32
4922,1,1,58
941,1,1,42
2387,1,1,76
3221,1,1,72
3882,0,0,6
8719,1,0,30
8720,0,0,36
7515,1,1,94
2789,1,0,36
944,1,1,77
8222,0,0,17
1857,1,1,82
7822,0,0,5
4108,0,0,4
7523,1,0,16
3255,0,0,5
2690,0,0,11
5744,1,1,71
1319,0,0,6
9128,0,0,23
4920,1,1,47
5741,1,1,82
5035,1,1,56
3475,1,1,92
3505,0,0,9
2477,0,0,8
5339,1,1,74
5593,0,0,9
6207,0,0,8
4513,0,0,8
9111,0,1,85
1874,1,0,16
7528,0,0,16
6973,0,1,65
2904,1,1,47
570,0,0,21
1448,0,0,2
5041,0,0,4
5279,0,0,4
9009,0,0,28
5768,1,1,47
5516,1,0,17
3226,0,0,15
9000,0,0,20
3978,1,1,58
4383,0,0,19
6468,0,0,32
3539,0,0,11
8171,1,0,24
2827,1,0,26
5698,1,1,92
1338,0,0,5
3262,0,1,94
7219,1,1,100
650,1,1,93
2902,0,0,7
2258,0,0,36
6253,0,0,7
7990,0,0,36
2730,0,0,11
8642,1,1,53
7879,0,0,16
6595,0,0,27
2584,1,1,100
3196,0,0,7
6497,0,0,16
6200,1,1,75
1258,0,1,98
7748,0,0,30
991,0,0,24
3504,0,0,15
113,0,1,38
919,0,0,25
2509,1,1,71
8688,0,0,11
7566,1,1,76
4442,1,1,95
949,1,1,100
4836,0,0,9
3770,1,1,49
7685,1,1,53
2850,0,0,4
8984,1,1,47
6231,0,0,8
8450,0,0,16
4446,1,1,83
5753,0,1,74
2505,1,0,16
1114,0,0,16
7302,0,1,92
298,1,0,11
1675,1,1,93
3347,0,1,48
2735,0,0,14
8848,0,1,81
8304,1,1,65
8695,0,0,8
4325,0,0,13
6703,0,0,5
4997,1,1,48
4553,0,0,8
6642,0,0,4
2103,1,1,78
4906,0,0,29
5714,1,1,97
6955,0,0,19
1837,0,0,20
6686,0,0,8
7169,0,0,16
6907,0,0,8
607,1,1,100
1093,0,1,59
4584,1,0,29
5353,1,1,98
8275,0,0,2
160,1,0,35
203,0,0,3
8257,1,1,77
5340,0,0,3
2934,0,0,16
6189,0,0,7
2435,0,0,6
1230,0,0,8
7834,0,0,9
6965,0,0,7
8917,0,0,8
8502,0,0,16
6482,1,1,59
7920,0,0,9
4251,0,0,16
3293,1,1,59
4034,0,0,16
6858,0,1,78
4290,0,0,12
4334,1,0,16
7025,0,1,46
3877,0,0,6
6876,0,1,39
857,0,0,31
6266,0,0,29
7264,0,0,8
2561,0,0,13
3801,1,0,16
2640,0,0,9
5489,1,1,55
4490,0,0,8
2347,1,1,42
7006,0,0,11
2781,0,0,16
7867,0,0,4
7582,0,0,8
7838,0,0,35
615,0,1,48
7389,0,0,22
2575,1,1,98
7888,1,1,91
3340,0,0,7
8417,0,0,8
1705,0,0,27
7525,1,1,95
4619,1,1,47
1493,0,0,34
9204,0,0,26
6699,1,1,65
803,0,0,20
6698,1,1,99
8126,0,0,3
990,0,0,11
6945,0,0,34
6308,0,1,47
5431,0,0,8
3513,0,0,16
4629,1,1,69
7305,0,1,50
219,1,1,42
4682,1,0,28
1288,0,0,27
3163,1,1,89
2618,0,0,16
3612,0,1,42
43,0,0,13
5515,0,0,32
3792,0,0,30
3571,0,0,8
7485,0,0,7
1503,0,0,8
4695,0,0,5
9082,0,0,31
3439,1,1,81
1892,1,1,90
8610,0,1,86
1955,1,0,25
5298,0,0,6
1505,0,0,5
670,0,0,6
8221,0,0,16
5968,1,0,29
897,0,0,20
5224,0,0,6
2666,0,0,24
3193,1,1,57
2890,1,1,89
2621,1,0,29
6992,0,0,23
5034,0,1,60
7870,0,0,10
2370,0,0,6
6697,1,1,85
1769,0,0,30
7510,0,1,41
8944,0,1,41
531,1,0,16
9119,0,1,74
7787,0,1,78
5590,0,1,56
3120,1,0,32
8325,1,1,100
731,1,0,14
3406,1,1,100
2339,1,1,96
5044,1,1,47
4934,1,1,86
2565,1,1,41
6535,0,0,23
6618,0,0,16
8846,0,0,26
5918,0,0,16
8494,1,0,15
8827,0,0,9
8284,1,0,32
1255,0,0,16
2104,1,0,16
5660,0,0,21
5263,1,1,98
9005,1,1,70
8279,0,0,2
6576,1,0,32
9093,1,1,85
4434,0,0,20
3484,1,1,88
8770,0,0,4
3816,1,1,47
4838,1,1,98
7423,1,1,98
6723,1,1,100
4687,0,1,39
1621,0,0,16
8707,0,1,70
5333,0,0,10
5278,0,0,8
8216,0,0,3
1096,0,0,20
7397,0,0,15
8758,0,1,49
2463,0,0,16
6050,0,0,9
1788,1,1,95
7493,1,1,91
5235,0,0,4
5246,0,1,54
192,0,0,8
820,0,0,8
4825,1,1,69
7165,1,1,41
5957,0,0,12
4166,1,1,64
2687,1,1,99
8862,1,1,78
5606,1,1,53
5889,1,1,77
5694,0,0,8
2607,0,0,11
6304,0,0,10
238,1,0,6
4015,0,0,9
8551,1,0,11
2977,1,1,61
4823,0,0,22
9025,0,1,78
945,0,0,17
7545,0,0,8
7794,1,0,33
7946,0,0,12
5521,0,0,3
3552,0,0,8
9210,1,1,72
3360,1,1,81
4692,0,1,50
2410,0,1,73
4507,0,1,47
7422,0,0,21
3982,0,0,6
146,0,0,8
5623,1,1,76
2294,0,0,6
7597,0,0,8
3611,0,0,10
1736,0,0,16
6476,0,0,10
114,1,1,100
8166,0,0,4
4773,1,1,99
498,0,0,12
720,0,1,86
6076,0,0,37
3089,1,1,84
6112,1,1,73
6176,0,1,47
8383,0,0,8
596,1,1,74
8391,1,1,71
5155,0,0,10
1647,1,1,100
5261,0,0,14
5852,0,0,8
2700,0,0,8
6270,0,0,9
1700,1,1,63
8255,1,1,93
6290,1,1,89
5011,0,0,29
2942,0,1,80
5327,0,0,20
86,0,0,7
2308,0,0,16
2677,1,1,99
8886,1,0,31
6538,1,1,100
2594,1,1,100
4970,0,0,10
1029,0,0,8
136,0,0,7
7644,1,1,74
5196,1,0,18
8148,0,0,4
4409,0,1,60
1200,1,1,99
8793,0,0,1
5576,1,1,93
566,0,0,13
6145,0,0,17
3927,0,0,15
5121,0,0,10
6417,0,0,8
8637,0,0,2
7091,1,1,93
5523,0,0,3
7072,0,0,16
2330,0,0,8
3515,1,1,84
2187,0,0,4
195,1,1,100
4787,0,0,37
802,1,1,100
5382,1,1,54
7772,1,1,81
2068,0,0,22
7107,0,0,5
7971,0,1,45
644,1,1,46
8659,0,0,13
8627,0,1,84
120,1,1,100
2981,0,0,17
3074,1,1,94
8240,0,0,17
3278,1,1,76
2135,1,0,27
6386,1,1,93
134,1,1,100
7187,1,1,100
8905,0,0,11
2559,1,1,94
62,1,1,85
1358,1,0,35
4918,0,0,24
2467,1,0,8
679,1,1,80
6161,0,0,5
741,0,0,9
5700,1,1,91
3641,1,1,96
7071,0,0,9
6879,0,1,64
3258,0,0,8
4663,1,1,80
1873,0,0,4
7628,0,0,16
2596,0,0,7
1717,0,0,16
2912,1,1,89
2843,0,0,6
4027,1,1,75
7757,0,0,4
6802,0,0,8
7229,1,1,88
489,1,0,16
493,1,1,93
690,0,1,45
3821,0,0,5
602,0,0,7
1911,0,0,7
8309,1,1,65
7204,1,1,52
7336,1,0,16
8534,1,0,8
3757,1,0,12
2366,0,0,22
4370,1,0,20
5821,0,0,5
6300,1,1,90
1361,0,0,10
5057,1,0,28
1526,0,0,16
9143,0,0,34
5143,0,0,7
6085,1,1,93
1551,0,0,11
6329,1,0,26
8950,1,1,96
1337,0,1,63
3901,0,1,58
3010,1,1,53
8111,1,0,24
2250,0,0,8
2346,1,1,88
8570,1,1,56
2784,1,1,88
5647,1,1,85
150,1,1,95
2804,1,1,99
4960,1,1,65
2086,1,1,47
3751,1,1,66
2259,1,1,79
4017,1,0,33
5171,0,0,5
5123,0,0,16
7961,0,0,23
8883,0,1,54
3856,0,0,9
859,1,1,79
6419,1,1,42
6846,0,0,8
6188,0,0,16
7619,0,0,8
4739,1,0,7
7671,0,0,8
4462,1,1,88
7249,1,1,56
1779,1,0,11
9127,0,0,9
4785,0,0,29
5360,0,1,50
1818,0,0,8
8621,1,1,87
2704,0,0,36
175,0,0,6
6319,0,0,31
2093,0,0,16
7506,1,1,47
3491,0,0,17
1920,0,0,8
82,1,1,70
816,1,0,23
8138,0,0,34
7346,1,1,73
5719,1,1,85
283,0,0,12
8107,1,1,100
6318,0,1,55
8183,0,1,88
2915,0,0,13
1813,1,1,50
1271,0,0,7
5006,0,0,22
8864,1,0,36
8042,0,1,98
8268,1,1,38
6213,0,0,16
2642,0,0,16
7089,1,1,63
4508,1,1,90
2305,1,1,50
7060,0,1,82
4195,1,0,33
4840,0,0,33
4655,1,0,8
6885,1,1,54
4168,1,1,93
3849,0,0,11
9098,0,1,59
7306,1,1,88
6671,0,0,23
2414,0,0,16
3554,0,0,8
4691,0,0,16
4498,1,1,86
2195,1,1,94
2600,1,0,16
7242,0,0,24
4764,0,1,74
4314,0,0,14
3366,1,1,81
7309,0,0,4
8615,0,1,48
2633,0,0,17
6925,0,0,22
2434,1,1,79
7073,0,0,14
5711,0,0,6
7055,1,0,23
4520,1,1,47
3545,0,0,9
5112,0,0,10
6062,1,0,16
8081,1,1,100
517,1,1,73
5169,0,0,8
7614,0,1,65
1415,0,0,6
4664,0,0,16
4456,0,0,36
2761,0,0,8
4855,1,1,47
127,0,0,3
3474,0,0,8
6745,0,0,8
4310,0,1,81
2438,1,1,53
3765,1,0,6
6875,0,0,17
6455,0,1,47
9024,0,0,4
1473,1,1,46
4821,0,0,24
5847,0,1,43
3560,0,0,7
3951,1,0,17
49,0,0,8
7690,1,1,90
887,1,1,50
2616,0,0,33
516,0,0,23
3168,1,1,100
2949,0,0,5
1424,1,1,86
139,0,0,3
1924,0,0,6
2378,1,1,100
3197,0,0,8
112,1,1,94
4559,1,1,83
4595,0,1,81
3250,0,0,16
4690,1,0,16
6883,1,1,100
6571,0,0,27
4546,1,0,24
5763,0,0,8
3277,0,0,5
5312,1,1,63
7927,1,1,62
4408,0,1,38
5815,1,1,99
7660,0,0,16
8559,0,0,9
3222,0,0,7
6958,0,1,48
451,0,0,12
3731,1,1,99
8264,0,0,2
8080,1,1,91
2763,1,1,99
658,0,1,56
6492,0,0,16
4620,0,1,45
999,1,1,56
389,0,0,13
3407,1,1,88
1476,0,0,10
2240,0,1,74
2386,0,0,20
992,0,0,8
3922,1,0,16
2972,0,0,19
3386,0,0,15
6672,1,1,84
5888,0,0,5
4769,1,0,24
1293,1,0,16
1824,0,0,3
2873,1,0,23
4173,1,1,95
2535,0,0,12
8429,1,1,100
1907,1,1,47
7131,0,0,16
8768,0,0,37
368,0,0,8
1151,1,0,6
6558,1,1,38
7501,1,1,45
4996,0,0,9
5689,0,0,2
6415,0,1,47
4160,0,0,16
4287,0,0,8
6578,0,0,11
5679,0,1,48
174,1,1,93
1903,0,0,8
1099,1,1,98
6860,1,1,87
3408,0,0,8
1538,0,0,28
2292,0,0,11
8588,0,0,16
1363,0,0,19
5904,0,0,8
5605,0,0,4
5762,0,0,5
5969,1,1,93
680,0,0,23
8603,0,0,16
6466,1,1,82
3664,1,1,93
1661,0,0,6
508,0,0,12
166,0,0,27
7475,0,0,4
1006,0,0,15
7220,1,1,94
6968,1,1,84
3494,1,1,86
7109,0,1,48
9006,0,0,34
4990,1,1,74
2536,1,1,99
1104,0,0,8
3875,1,1,91
6352,0,0,25
1752,1,0,16
6559,1,1,77
2916,0,1,52
6818,0,0,6
152,0,0,5
3907,1,1,85
8432,1,1,48
2552,0,0,15
2773,1,1,57
5186,1,1,57
3551,0,0,4
3722,1,1,65
8084,0,0,5
7590,0,0,8
6798,0,0,6
4538,0,0,4
5729,1,1,63
1822,0,0,9
4086,1,0,13
6500,1,0,24
7965,0,0,13
6195,0,0,15
6897,0,0,3
309,1,0,16
6531,0,0,8
8866,0,1,41
3599,0,0,4
3622,0,0,8
7904,0,0,6
3450,0,0,6
4591,0,1,48
205,1,1,93
1135,0,0,7
7649,0,0,7
2749,0,0,13
3613,0,1,44
305,0,1,55
1849,0,0,24
8574,1,1,93
1988,0,0,31
3240,0,0,28
2798,1,1,47
4515,0,1,56
6526,1,1,73
3109,0,0,9
4939,0,0,28
4059,0,0,30
1987,0,0,28
6947,1,1,87
383,0,0,16
4307,0,1,59
3388,1,1,87
3156,0,0,5
2727,1,1,82
5359,0,0,16
5310,0,0,17
7859,1,1,81
6337,0,0,11
3832,0,0,13
7898,0,0,11
4776,1,1,99
4276,0,0,17
253,0,0,12
8678,0,0,6
8859,1,1,72
6273,0,0,9
278,0,0,8
3252,0,0,2
2480,1,0,30
289,0,0,17
9165,1,0,8
3075,0,0,8
8230,0,0,34
6426,0,0,28
5417,0,0,17
6159,0,0,3
8976,0,1,92
7932,0,0,8
7829,1,1,57
6560,1,1,58
270,1,1,96
4570,0,0,11
7325,0,0,3
7142,0,1,83
7445,1,1,83
8024,1,1,84
4207,0,0,8
3218,1,1,47
1391,0,1,51
3975,0,0,27
4316,1,1,42
5663,0,0,26
6206,0,0,11
8493,0,1,76
83,0,0,8
873,0,0,9
8873,1,1,87
9094,1,1,67
4557,0,0,31
4500,0,0,8
4647,0,0,14
2038,0,0,26
8956,0,1,86
5842,0,0,32
2450,0,1,41
3954,0,0,7
2329,0,0,27
8422,0,0,4
5958,0,0,2
5042,1,1,85
8649,0,0,10
4746,0,0,28
8652,0,0,8
5485,0,0,30
5613,0,0,16
5379,1,0,18
6939,1,1,85
1216,0,0,8
7881,0,0,16
5828,0,0,22
1064,0,0,9
3786,1,1,92
4410,0,0,17
8655,0,0,16
8682,0,0,28
2161,1,1,87
3008,0,1,48
1105,0,0,7
5628,0,0,30
7606,1,1,88
8121,0,0,5
4956,0,1,47
5579,1,1,92
7461,0,0,4
4369,1,1,58
2765,1,1,99
3929,1,1,92
8229,1,1,83
7957,0,0,8
6358,0,1,43
5412,1,1,48
8043,1,1,95
2451,0,0,5
5444,0,0,24
5562,1,1,93
3824,1,1,43
8286,1,1,98
2652,1,1,83
8406,1,1,60
3743,0,0,25
2176,0,1,60
8552,1,0,26
3318,0,0,16
5369,0,0,7
2787,1,1,61
4105,0,0,16
6632,1,1,99
1676,1,1,84
3947,0,0,13
7609,0,0,16
7549,0,1,47
5633,1,1,92
8049,0,1,50
6282,0,0,13
2503,0,0,7
7464,0,0,8
2369,0,0,8
4967,0,0,17
2217,0,1,54
2218,0,0,11
3326,1,1,92
6364,0,0,34
3583,0,1,46
8093,1,1,53
6932,1,1,100
6519,0,1,86
5440,0,1,51
8092,1,1,75
85,0,0,15
2801,0,0,16
3671,0,1,90
3667,1,1,38
9047,0,0,7
7076,1,0,24
4590,0,0,12
2019,1,1,71
6628,0,0,2
2525,1,1,86
6181,0,0,12
5267,0,0,20
7981,1,1,74
8119,0,0,11
5715,0,0,2
2895,0,0,17
7968,0,0,8
4714,0,0,8
8498,0,0,4
3425,1,1,100
5862,1,1,69
5684,0,0,8
5610,0,1,76
5282,0,1,73
6133,0,0,8
2001,1,1,100
7711,0,0,18
869,0,0,6
356,1,0,29
6923,0,0,12
6516,0,0,2
1275,0,0,12
1890,0,0,10
7861,0,0,29
5554,0,0,14
8474,0,0,34
3563,1,1,63
4958,0,0,22
7007,0,0,8
2380,1,1,94
3823,0,0,8
7205,0,0,16
7304,0,1,63
3306,1,0,30
9087,1,1,100
3499,0,0,5
6792,1,1,97
1116,1,1,99
8031,0,1,40
9115,1,1,97
8032,1,0,25
5672,0,0,2
8471,0,0,29
6741,1,1,85
3645,1,1,93
2500,1,0,10
8509,1,1,88
2783,1,1,81
3809,0,0,9
5597,1,0,21
7780,1,0,9
6611,0,0,8
1696,1,0,21
6069,1,0,33
2052,1,0,6
1776,0,0,17
5725,0,1,76
3313,0,1,53
4781,1,1,99
7431,0,0,8
5731,0,0,4
1592,0,1,52
1723,1,1,58
8079,1,1,99
9207,0,0,7
7991,0,1,89
490,0,0,17
8430,0,0,8
3483,0,0,16
5102,0,0,16
5187,0,0,34
3431,0,1,48
8219,1,0,7
6522,0,0,16
25,1,0,24
3512,0,0,8
2409,0,0,20
3270,1,1,98
5209,0,0,17
1552,1,1,98
8488,0,0,5
7724,0,0,5
3871,0,0,16
3402,0,0,16
4529,0,0,18
979,0,1,55
2655,1,1,99
1847,0,0,14
6740,1,1,82
7524,0,0,28
6045,0,0,9
6252,1,1,100
7677,0,0,16
7938,0,1,47
8368,0,0,11
1102,1,1,54
3276,0,0,4
6242,1,1,94
8806,0,0,12
7197,0,0,7
3996,0,1,48
194,0,0,11
4711,0,0,16
643,1,0,8
7286,0,0,2
3285,1,1,78
3116,0,0,8
3575,1,1,99
8326,1,0,22
4320,1,1,77
9232,0,1,98
2207,0,0,13
4552,0,0,16
8108,1,1,99
3718,0,0,8
972,0,0,8
7720,0,0,30
719,0,0,8
8712,0,0,8
3896,0,1,40
2803,1,0,16
2566,0,0,8
4025,1,1,47
32,0,0,6
8626,0,1,77
8118,1,1,99
4063,0,0,30
8259,0,0,29
1697,0,0,9
2792,0,0,4
2222,0,0,13
3764,0,0,25
3866,0,0,8
7810,0,0,8
8250,0,0,4
5642,0,0,16
5992,1,0,34
3758,1,1,87
7654,0,0,19
3227,1,1,73
6990,1,0,31
7261,0,0,8
3904,0,0,30
2277,0,0,12
7258,0,0,8
1401,1,1,53
739,1,1,100
4266,1,1,44
9109,1,0,25
6210,0,0,25
6307,0,0,4
3851,1,0,35
7749,0,1,43
6942,0,0,8
5496,0,0,9
5787,1,1,99
674,0,0,4
5998,0,0,28
6250,0,0,8
3841,1,0,35
1815,0,0,3
7193,1,1,95
9090,0,1,59
8492,1,1,95
4653,1,1,88
6182,1,1,51
2100,1,0,16
6523,1,1,61
1673,0,0,21
2101,1,1,98
4213,1,1,98
8340,0,1,38
1548,1,1,99
7468,0,1,90
3323,1,0,10
8180,0,1,88
355,0,0,9
5184,0,1,50
1461,0,0,3
6448,0,0,25
8670,0,0,16
3220,0,0,18
7383,0,1,51
5147,0,0,23
6670,0,0,21
1751,0,0,16
6778,1,1,86
6425,0,0,4
1772,0,0,16
1196,0,0,16
1878,1,0,32
2668,1,0,15
3171,0,0,4
2016,1,1,77
2005,1,1,61
7959,1,0,27
3893,1,1,84
3237,1,1,93
4424,1,1,90
4744,0,1,47
2078,0,0,24
5219,1,1,76
396,1,1,84
2788,0,0,8
6041,0,0,6
5497,0,0,9
4072,0,0,8
8852,0,0,24
8783,0,1,73
7593,0,0,16
6118,0,0,6
1519,0,0,6
6928,1,0,16
1378,0,0,8
1023,0,0,17
2587,0,0,10
6459,0,0,18
5008,0,0,10
2857,1,1,57
7034,0,0,12
6444,0,0,23
1629,0,0,8
4888,0,0,3
4526,0,1,42
3523,0,0,17
6583,1,1,53
3607,1,0,5
8728,1,1,94
5220,1,1,47
234,0,0,5
6561,0,0,8
3796,0,0,7
4118,0,0,8
5001,0,0,12
3800,1,1,43
6377,0,0,16
7604,0,0,13
5024,0,1,76
1948,0,0,33
470,1,1,99
6383,1,1,98
3492,0,1,53
2671,0,0,13
9052,0,0,6
2224,1,0,27
1106,1,1,70
2188,1,0,6
818,1,1,97
4523,1,1,98
8192,0,0,20
7954,0,0,5
8910,0,0,24
8676,0,0,29
9162,1,1,99
888,0,0,26
2437,0,0,5
817,0,0,8
7553,0,0,16
3414,0,1,75
2341,1,1,87
8332,0,0,37
3167,0,0,19
9177,0,0,31
6800,0,0,17
1264,1,1,38
5086,0,0,8
5194,1,0,19
4449,0,0,33
4945,0,0,12
4045,0,1,42
7458,1,1,83
9077,0,1,51
1228,0,0,8
6149,1,1,93
5758,0,0,6
5141,1,1,60
52,0,0,9
6192,0,0,4
7300,0,0,22
159,0,0,20
6380,1,1,98
1587,0,0,8
1589,1,1,64
5861,0,0,7
9231,1,1,86
7768,0,0,6
3858,0,0,27
9066,1,1,83
8283,0,0,8
2828,1,1,67
436,0,0,4
6902,0,0,16
3878,1,0,13
1588,1,1,89
2780,0,0,8
8289,0,0,5
7615,0,0,8
7594,0,0,6
4727,0,0,6
973,1,1,77
1238,0,0,8
2951,0,0,2
2342,1,1,92
5508,0,1,81
6180,1,1,93
2158,1,1,100
5572,0,0,8
1497,0,0,3
4545,0,0,6
4257,0,0,29
2422,0,0,18
5185,0,0,22
357,0,0,4
5242,0,0,7
6779,0,0,8
9170,0,1,59
2092,0,0,11
5409,1,1,47
2015,1,1,44
8360,0,0,8
7532,0,1,44
187,1,1,86
5799,1,1,99
3655,1,1,61
3426,1,1,39
7222,1,1,100
1381,1,1,49
6306,0,1,81
413,0,0,9
5037,1,1,41
4897,0,0,33
3336,0,0,6
3606,0,0,8
3175,1,1,46
9095,0,0,11
8969,0,0,6
6597,0,0,5
256,0,0,8
5972,0,0,3
200,1,1,81
2235,1,1,81
4743,1,1,95
1767,1,1,88
4236,0,0,8
9069,0,1,53
1572,1,1,94
24,1,1,85
8160,0,1,48
1088,0,1,49
4674,1,1,55
2694,1,1,47
6410,0,1,61
3398,0,0,21
3559,0,0,13
8451,1,0,37
2841,1,1,100
2311,1,1,67
7189,1,1,73
3234,1,1,86
4152,0,1,47
1309,0,0,11
695,0,1,74
7884,0,0,31
3752,0,0,15
1227,0,0,2
1999,0,0,8
276,1,1,64
7828,1,0,15
8629,0,0,8
8177,1,1,80
3637,0,0,14
6994,1,1,78
4778,0,1,82
8960,0,1,67
4117,0,0,8
5945,1,1,76
1137,0,0,29
2767,0,0,8
6929,0,0,8
6518,0,0,33
942,1,1,86
6828,0,0,17
2490,1,1,94
7809,0,0,20
4935,1,1,98
3935,1,0,33
5884,0,0,9
2384,1,1,88
115,0,0,10
7225,0,0,5
9217,0,1,87
3119,1,1,92
4258,1,1,83
7133,0,0,8
7436,0,0,8
2819,1,0,20
3822,1,1,88
8389,1,0,21
4699,0,0,16
8231,0,0,13
3802,0,0,4
3536,0,0,15
3825,0,1,93
7774,1,1,43
7703,0,0,25
4810,1,0,16
1946,1,1,98
6639,0,0,8
6037,1,0,29
5335,0,1,41
3488,1,1,87
1610,0,0,10
6299,1,1,84
5970,0,0,8
4677,1,1,86
4959,0,1,53
8018,0,0,8
4761,1,0,36
2194,0,1,51
6771,0,1,89
5113,0,0,8
557,0,0,16
6822,1,1,100
7882,0,0,27
1207,0,0,17
5994,1,1,96
6179,1,1,99
1510,1,1,85
3829,1,0,9
3732,0,0,7
6734,0,0,3
3211,1,0,8
3630,0,0,16
7601,0,0,30
7063,1,1,73
266,0,0,2
1140,0,0,7
3162,1,1,97
7351,0,0,31
3730,0,1,80
1909,0,0,19
6177,1,1,81
2660,1,1,97
656,0,0,23
7914,1,0,12
6627,1,1,97
998,0,0,4
6275,0,0,7
2834,0,0,30
8469,0,0,5
1237,0,0,8
2151,0,0,2
6701,1,1,81
7883,1,1,89
5091,0,1,47
2186,0,0,29
1134,0,0,7
5004,0,0,8
1303,0,0,18
1627,0,0,3
6653,1,1,71
1522,1,1,50
9131,0,1,51
358,1,1,94
138,0,1,43
299,1,1,99
1556,0,0,33
5099,0,0,16
382,0,0,9
7152,0,0,16
8204,0,1,88
4857,1,1,47
3180,1,1,81
7504,0,0,7
6423,1,1,100
946,0,0,17
8747,0,0,16
5498,0,0,7
8934,1,1,51
8520,0,0,6
2721,0,0,6
1932,1,1,84
6268,0,1,47
3236,1,0,22
3140,0,0,16
4163,1,1,47
8203,0,0,7
3807,1,1,68
8756,0,0,14
6146,0,0,7
8218,1,1,52
4154,1,1,75
4172,0,1,81
796,0,0,16
2416,0,0,7
785,1,1,79
3158,0,0,8
123,0,0,3
7802,0,0,8
2172,1,1,83
7466,1,1,77
7403,0,1,47
8584,0,0,6
4340,0,0,5
910,1,0,4
2309,0,0,13
8921,0,1,83
3634,0,0,13
1257,1,1,40
4458,0,0,8
1178,1,0,16
4652,1,0,37
3650,0,0,7
442,0,0,7
7919,1,1,77
1399,0,0,21
1457,0,0,16
7706,1,1,73
1054,0,0,5
5733,0,0,3
3275,0,0,16
7922,0,0,10
3699,0,0,8
3759,1,1,87
929,0,0,8
7557,0,0,3
7323,0,0,11
1829,1,1,82
2928,0,0,13
5867,0,0,13
4221,1,1,82
3546,1,1,47
5598,0,0,9
8249,0,1,53
7297,1,1,94
6868,0,0,5
2011,1,1,99
7908,0,0,10
7028,0,0,5
3219,0,1,49
2606,0,0,30
3264,0,0,8
4928,1,1,47
7808,0,0,3
6871,0,0,16
6,1,1,92
2980,0,0,6
3361,0,0,2
4774,1,0,16
1943,0,1,51
6291,0,0,11
5499,1,0,32
1635,0,0,12
1141,1,1,45
7930,0,1,53
9026,0,1,90
2070,1,1,97
3134,0,0,8
5160,0,1,71
8401,0,0,9
7093,0,1,63
2242,0,0,36
1474,0,1,49
7665,0,0,8
1889,0,0,5
3435,1,1,82
6421,0,1,86
6509,1,1,84
3705,0,1,43
2021,0,0,8
4020,0,0,15
8117,1,1,95
7379,0,0,15
7951,0,0,15
2658,1,1,99
1130,0,1,53
5557,0,1,57
6215,0,0,27
1819,1,1,84
6366,0,0,8
6321,1,1,46
4318,1,1,42
8872,0,0,18
4144,1,1,88
4669,0,0,12
1236,0,0,8
5476,0,1,46
9088,0,0,16
1856,1,1,85
2282,0,0,3
7412,1,1,52
8608,0,1,78
4093,0,0,24
5974,0,0,3
5200,0,0,3
3421,1,1,100
386,0,0,10
1628,1,0,16
3585,0,0,16
6260,0,0,8
2714,1,1,84
6065,1,0,16
7364,1,1,83
8609,0,0,32
5659,1,1,97
3189,0,1,64
9209,0,0,31
4305,1,1,53
909,0,0,8
5385,0,0,27
7803,0,0,33
1866,1,0,24
1842,0,0,4
2497,1,1,89
201,0,0,2
6689,0,0,7
6534,1,1,93
5054,0,0,2
4006,1,1,39
2702,0,0,13
3449,1,1,82
331,1,1,84
6039,0,0,1
8271,1,0,6
6899,1,0,23
6070,1,0,31
2459,0,0,11
1774,1,0,26
6424,0,0,5
6758,1,1,79
2686,1,1,99
8442,0,0,8
989,0,0,17
5950,0,1,42
7210,0,1,74
8789,0,0,8
7592,0,1,62
7663,0,0,13
7953,1,1,69
7886,0,0,7
7375,0,0,14
7766,1,1,44
5462,1,0,18
173,0,0,17
9124,0,0,7
4615,0,1,42
3321,1,1,99
8920,1,1,76
3372,0,0,8
3311,0,0,7
6167,1,1,100
6412,1,1,87
8089,1,1,99
6896,0,0,5
4679,1,0,13
3403,1,1,84
18,1,1,48
3691,1,1,81
7796,0,1,38
4096,0,0,8
3628,0,1,57
8169,0,1,38
2174,0,1,47
1356,0,0,17
5002,0,1,45
6244,0,0,8
5823,0,0,13
8779,0,0,26
5670,0,0,5
3112,0,0,18
182,0,0,20
8062,0,1,96
8421,0,0,8
1812,1,1,72
8842,0,0,4
7374,0,1,45
4912,0,0,18
5668,0,0,4
7581,0,0,12
1800,1,1,42
2429,0,0,5
5482,0,0,5
7969,0,0,8
7611,0,0,1
1968,1,0,8
7200,0,0,5
6880,0,0,5
7915,1,0,37
4987,0,1,42
9011,0,1,46
4650,0,1,47
1159,0,0,5
1213,1,1,48
6201,1,1,85
1325,0,0,32
6343,1,0,12
6408,1,1,91
4796,0,0,5
5808,1,1,99
1455,0,1,38
5410,0,0,13
6032,0,0,16
7349,0,1,40
4962,0,1,57
7895,1,0,28
1644,1,0,5
2140,1,1,78
4536,0,0,2
4457,0,1,84
8262,1,1,90
5586,1,1,99
4378,1,1,98
729,0,0,29
4357,0,0,16
6554,1,1,82
1936,0,1,45
3793,0,0,11
3736,1,1,100
2261,0,0,6
7376,0,0,14
1110,1,1,88
8331,0,0,4
5480,1,1,52
2998,0,1,61
2394,0,0,15
1185,0,0,16
2007,0,0,13
193,0,0,7
5611,1,1,63
2901,0,0,8
578,0,0,28
5525,1,1,84
771,0,0,6
2395,0,1,62
1478,0,0,35
1846,0,1,49
8407,0,0,8
4274,0,1,51
3740,1,0,16
4600,0,0,5
6840,1,1,47
6624,1,1,96
6867,0,0,8
4915,0,0,6
2073,0,0,5
4754,0,0,8
1896,0,0,22
7600,0,0,6
3659,0,0,3
2379,0,0,11
1447,1,1,95
342,0,0,4
5127,1,1,43
3136,0,1,46
2527,0,0,8
727,1,1,77
4577,1,1,96
976,0,0,6
7290,0,0,10
5443,1,1,99
3516,0,0,32
6751,1,1,98
9041,0,0,15
3940,0,1,40
1299,1,1,94
9019,0,1,90
1348,0,0,8
660,0,0,16
5886,0,0,6
1492,0,0,5
6952,0,0,10
8762,0,0,8
7556,1,1,65
5154,1,0,36
2315,1,1,47
8880,1,1,99
8847,0,1,41
1085,0,0,33
2524,1,1,99
7456,1,0,30
5374,0,0,8
3198,1,0,37
5751,1,0,16
6991,0,0,16
5717,0,1,55
8971,1,1,62
7008,1,1,86
67,1,1,49
6705,1,1,95
40,0,0,15
2269,1,1,45
7299,0,0,8
6204,1,0,29
8857,0,0,30
4916,0,0,8
5322,1,1,47
7217,0,0,16
3447,1,1,100
2367,1,0,35
6843,1,1,91
6901,0,0,6
2512,1,1,64
2723,1,1,57
5948,0,0,2
8476,0,1,47
7638,0,0,7
1143,0,0,24
8992,0,0,30
6109,0,0,16
7104,0,0,19
8510,1,1,98
4728,0,0,14
5494,0,0,10
5755,0,1,55
6390,0,0,8
3789,1,1,49
2220,0,0,19
5075,0,1,80
2331,0,0,4
5394,0,1,43
6625,0,0,8
6824,1,1,94
8623,1,1,85
4088,1,1,85
1967,1,1,78
8297,1,0,16
8073,1,1,94
8855,1,1,72
4365,1,0,29
423,0,0,9
280,0,0,23
1904,0,0,5
595,0,0,7
7642,0,1,61
3917,1,1,98
5661,1,1,91
5778,0,0,7
3618,0,0,5
839,1,1,94
4596,0,0,9
6332,1,1,93
141,0,0,6
2597,0,0,16
1377,1,1,65
3674,0,0,8
8026,0,0,8
9142,0,1,82
4741,0,0,5
3808,1,0,16
1138,0,0,7
2257,0,0,35
6658,0,0,16
1787,0,0,3
3938,0,0,16
6685,1,1,100
4646,1,1,83
459,1,1,86
9021,1,1,82
948,1,0,32
3700,0,0,9
1336,0,0,20
4628,1,1,78
5925,0,0,5
5934,0,1,52
6040,1,1,99
441,0,0,4
1602,0,0,2
2238,1,1,47
639,1,1,100
9072,0,1,86
3830,0,0,10
8679,0,1,57
6757,1,1,47
8353,0,0,16
7144,0,0,9
1958,0,0,8
1070,1,1,76
155,0,0,2
2295,0,0,15
6579,1,0,29
4578,1,1,93
1089,1,1,85
6049,0,0,16
2940,1,1,82
723,0,0,18
4384,0,0,9
930,0,0,23
2909,0,1,49
6641,0,0,8
895,0,0,11
3247,0,1,51
2326,1,1,42
8384,1,1,90
6409,0,0,7
8548,0,0,15
5038,0,1,41
4136,0,0,10
8537,0,1,67
1715,0,0,7
1698,1,1,85
8953,1,1,87
8822,0,1,41
9212,0,0,24
6983,0,1,40
3831,0,0,8
3348,0,0,8
8794,0,1,75
985,1,1,49
1821,0,1,56
4571,0,0,13
587,0,0,9
9012,0,1,77
5077,1,1,76
6584,0,0,3
7177,1,1,70
8798,1,1,42
9208,0,0,5
5483,0,0,18
6552,0,0,16
7145,0,0,16
5514,0,0,3
8186,0,0,16
5553,1,1,91
3557,0,0,4
1395,1,1,97
264,1,1,67
3547,0,0,8
6451,0,0,3
3069,1,1,94
5025,0,1,62
7301,0,1,46
3864,0,0,30
8373,0,0,6
2400,1,1,78
7469,1,1,98
3711,1,1,40
246,0,0,8
1594,1,1,86
8945,0,1,41
1529,1,1,47
6982,1,1,100
923,1,1,54
9042,0,0,23
4364,0,0,6
669,0,1,45
3604,0,0,8
5108,0,0,8
1910,0,0,8
7207,0,0,16
5248,0,0,11
3958,1,1,60
6026,1,1,60
5643,0,0,4
2696,1,1,88
2591,0,0,12
5906,0,0,15
1781,0,0,21
3013,0,0,28
2307,1,1,91
7998,0,0,10
3690,0,0,7
687,0,0,16
6011,1,1,100
612,0,0,14
6462,0,1,51
3200,0,0,12
2267,0,0,8
9035,1,1,51
7842,0,1,43
1898,1,0,8
8805,1,1,51
6529,1,1,93
258,0,0,9
2924,1,1,92
4943,1,1,67
2822,0,0,8
3339,1,1,100
3525,0,1,70
4563,0,0,7
5329,0,1,72
5223,1,1,71
2285,1,1,99
6063,1,1,47
4654,0,0,16
5000,1,1,87
484,0,0,8
2211,0,0,14
5416,0,0,12
6391,1,1,68
2555,0,0,3
7,0,0,8
3657,1,1,79
8458,0,0,16
4874,0,0,28
4402,0,0,16
5546,0,0,17
5297,0,0,8
2426,0,0,10
1814,0,0,19
8890,0,1,74
2274,1,0,8
1011,0,0,7
6993,0,0,28
1067,1,1,59
1991,1,0,36
3970,0,0,10
8374,0,0,6
5879,0,0,6
7355,0,0,29
4542,0,0,9
8613,0,1,78
3867,0,0,8
8699,0,0,23
3048,0,0,4
781,0,0,2
2675,1,1,99
1749,0,0,35
2791,1,1,99
5774,0,0,30
4979,1,1,83
6416,0,0,28
1091,0,0,8
8194,0,1,88
4627,1,1,81
2324,1,1,72
8281,0,0,19
5055,0,1,47
2608,0,0,11
8323,0,0,5
2290,1,1,44
1727,0,0,8
610,1,1,55
4666,0,0,6
6814,0,0,27
7262,0,0,22
343,0,0,7
7227,1,1,88
8048,1,1,99
3750,0,0,16
7398,0,0,3
8595,0,0,6
5999,0,1,40
3215,0,0,12
97,0,0,8
6481,0,0,28
5176,0,0,3
6165,0,1,39
1537,1,0,30
3588,0,0,4
6264,0,0,20
3648,1,1,47
2657,1,1,99
6382,0,0,6
1517,1,0,12
5061,1,1,98
8635,1,1,75
4624,1,1,89
4272,1,1,57
3669,0,0,10
5800,1,1,100
2090,1,0,20
6171,1,1,100
572,1,1,95
8831,1,1,84
7818,1,1,99
8375,1,1,84
3062,0,0,10
6539,0,0,26
7482,1,1,100
7912,1,0,37
6684,0,1,84
6915,0,0,8
4479,0,0,16
4948,1,1,68
5976,1,1,87
370,1,1,93
1938,0,0,16
7313,0,0,6
1753,1,1,88
3670,1,1,66
3652,1,1,93
5201,0,0,8
6692,0,1,39
2361,1,1,91
4260,0,0,1
5432,1,0,8
4991,0,1,65
6428,0,0,29
8741,0,1,92
3737,1,0,34
6350,0,0,27
7130,0,0,29
7176,1,1,62
5591,1,1,78
1171,1,1,100
6719,0,0,6
6839,1,1,52
1422,0,0,4
8724,0,1,85
6878,0,0,20
8636,0,0,21
6786,0,0,13
8457,0,0,5
874,1,1,88
2297,0,0,6
2643,1,1,99
7871,0,0,35
1719,0,0,16
5347,0,0,17
5932,1,1,79
840,1,0,25
9181,0,1,75
581,0,0,8
204,1,0,31
1641,0,0,10
2014,1,1,98
3253,0,0,13
7535,0,0,7
905,0,0,25
631,1,1,99
7338,0,0,4
6620,1,1,100
1974,1,0,16
162,0,0,5
4998,0,0,8
7051,1,1,84
8730,1,1,81
6568,0,0,11
4713,0,0,6
875,0,0,10
1431,0,0,2
4643,1,1,84
5080,1,1,39
5783,1,1,74
8468,0,0,28
7070,1,1,53
7013,1,1,42
7415,0,0,26
8718,0,1,65
2856,1,1,95
1861,0,0,9
2659,1,1,96
3384,1,1,86
8836,0,1,90
9030,1,1,43
6841,0,0,20
7209,0,0,16
4733,1,1,48
3331,0,0,7
8878,0,1,86
7762,0,0,9
9163,0,1,63
2096,1,1,64
2003,0,0,7
7317,0,0,6
8001,0,0,13
7021,1,1,91
5017,0,0,7
546,1,1,40
1449,0,0,12
7170,1,1,77
2610,0,0,29
1900,1,1,46
8127,0,0,8
2757,1,1,76
6124,1,1,88
1885,0,0,9
9075,1,1,97
5738,0,0,6
7819,0,0,16
5890,0,0,31
2097,1,0,15
8577,0,0,20
5692,1,1,98
499,0,0,29
5624,0,0,8
836,1,1,96
3471,1,1,78
4697,0,0,8
6280,1,1,55
8199,0,1,88
2171,1,1,83
8521,1,1,90
5678,0,0,8
8475,1,0,21
398,0,1,59
2010,1,1,100
5166,0,0,8
5871,0,1,44
9045,0,0,24
1283,1,1,86
7289,1,1,84
7551,0,0,9
4256,1,1,74
1836,1,1,47
8865,1,1,98
1019,0,0,8
7476,1,1,98
1326,1,1,85
6392,0,0,34
475,1,1,90
2810,0,0,23
7751,0,0,10
1651,1,1,68
8877,0,0,16
1169,0,0,9
2528,0,0,9
1206,0,0,8
6256,1,1,41
6708,1,1,58
5469,0,0,7
8668,0,0,31
8569,0,0,3
6512,0,0,28
867,0,0,8
2974,1,0,12
5236,1,0,11
5093,1,1,47
5433,1,0,22
541,0,0,15
5195,1,1,85
1132,1,0,4
9089,1,0,8
8139,0,0,5
6354,0,0,36
8620,1,1,93
3390,1,1,75
7434,0,0,5
2962,1,1,99
4155,1,1,88
3259,0,0,16
7074,0,0,28
6034,0,0,14
6700,1,0,22
9180,0,1,48
2583,0,1,45
2813,0,0,8
9055,0,1,87
2947,0,0,4
5174,0,0,9
7118,0,1,45
3586,0,0,5
8518,1,0,13
6760,1,1,86
2563,0,1,52
2630,1,1,93
3190,1,1,86
6580,0,0,5
5036,1,1,47
1080,0,0,33
4283,0,0,25
8555,0,0,32
2085,1,1,100
6345,0,1,72
2452,0,0,15
4966,0,1,50
2023,0,1,52
6827,1,1,73
8295,1,0,17
7929,1,0,36
226,0,0,24
1013,0,1,55
1929,0,0,15
7295,0,0,35
5251,1,1,89
1404,1,0,26
2179,0,0,8
697,0,1,47
1124,0,0,14
3895,1,0,20
6967,0,0,6
5110,0,0,6
1778,0,0,19
6587,0,1,42
2634,1,1,64
3489,0,0,18
8578,1,1,47
1037,0,0,16
6093,0,0,9
2256,1,1,47
6918,1,1,58
2613,0,0,15
313,0,0,8
2649,0,0,8
2281,1,1,87
7406,0,1,48
2547,1,1,48
5512,0,0,4
5132,0,0,6
2159,1,1,82
3137,0,0,8
8380,0,0,8
5850,0,0,4
9113,0,0,3
6445,0,0,15
3967,0,0,9
1428,0,0,16
7341,0,0,8
2520,0,0,6
6634,0,0,3
7478,0,0,5
7633,1,1,61
7755,0,0,7
5602,1,1,93
9116,1,1,87
448,1,1,96
6515,0,0,4
1284,0,1,75
5995,0,0,24
6683,1,1,42
3727,1,1,99
361,0,0,10
6279,1,1,88
5230,0,0,16
8254,0,0,8
8206,0,0,16
6251,1,0,16
5926,0,0,4
5149,0,0,13
2460,1,1,87
22,1,1,75
2066,0,0,31
1653,0,0,8
702,0,0,31
7481,0,0,13
2743,0,0,10
1376,0,0,5
1724,0,0,10
2468,0,0,10
3754,0,0,4
2325,0,0,3
460,1,1,100
5163,0,1,38
4183,0,0,30
5526,1,1,47
4082,0,0,7
1486,0,0,11
3678,0,0,8
282,0,0,6
4558,0,0,5
4308,0,0,10
4865,1,1,71
3537,0,0,15
9239,1,1,74
2581,0,0,24
1368,1,1,89
8748,1,1,97
6935,0,0,9
597,0,0,15
4351,0,0,16
6346,0,0,17
8285,0,0,3
6379,1,1,99
4758,1,0,36
646,0,0,4
6381,1,0,33
8959,1,1,90
6023,0,0,29
7199,1,1,41
3468,0,0,15
6744,0,0,15
2990,0,1,45
8729,1,0,34
4875,1,1,55
2544,0,0,10
7672,1,1,98
5341,0,0,23
7565,1,1,76
9234,1,0,34
4066,0,0,2
3988,0,0,6
2160,1,0,8
685,0,0,16
9081,0,0,32
3243,0,1,40
7432,1,1,84
6906,1,1,98
7985,0,0,11
4083,0,0,8
2837,1,1,52
3697,0,0,13
6267,0,0,3
4941,1,1,98
5946,0,0,3
4583,1,1,85
5784,1,1,92
4040,0,0,12
2230,0,0,9
7540,0,0,6
2320,0,0,6
4878,1,1,87
521,0,0,15
522,0,0,8
5345,1,1,47
8056,1,1,99
1311,1,1,97
3983,1,1,92
6494,0,0,4
8833,0,1,43
7785,1,0,5
780,1,1,83
8071,1,1,99
7743,0,0,8
5607,0,0,12
5978,0,0,37
651,1,0,10
7699,1,1,98
2196,1,1,92
7334,1,1,81
369,1,1,99
6773,1,1,87
4214,0,0,8
377,1,1,40
7271,0,0,26
2216,0,0,8
7856,1,1,74
1613,0,0,7
1827,0,0,12
3632,0,0,34
962,1,1,81
2993,0,0,6
6606,0,0,10
8935,0,0,30
7862,0,0,11
7666,0,1,88
359,0,0,12
3839,1,1,82
6914,0,0,6
1246,0,0,8
7211,1,1,98
6511,0,0,26
5087,1,1,94
3694,0,0,16
1573,1,1,92
6281,0,1,77
7571,0,0,8
2567,0,0,26
3423,0,0,8
2037,0,0,8
8532,0,0,5
772,0,0,6
5380,0,0,6
9202,0,1,96
3562,1,1,55
562,0,0,12
2546,0,1,46
5510,1,1,73
5330,1,1,61
6845,0,0,16
4531,1,1,78
1674,0,0,4
365,0,0,7
6784,1,1,99
8542,0,0,13
4327,1,1,60
9223,0,1,42
147,0,0,16
1668,0,1,55
3088,0,0,6
8141,0,0,16
407,1,1,49
8853,0,0,8
3456,1,1,86
6186,1,0,18
4182,0,0,20
3576,1,1,61
3271,0,0,10
4940,1,1,95
1031,0,0,18
6978,1,1,46
6230,1,1,52
6592,0,0,20
9063,0,1,99
6794,1,0,8
855,1,1,41
3926,1,1,85
78,0,0,29
2247,1,1,66
8586,0,0,7
9192,1,1,38
8841,1,1,75
7983,0,0,8
7111,0,0,3
788,1,1,54
2279,0,0,12
4095,0,0,5
3897,0,0,16
6724,0,0,7
8377,0,0,9
8732,1,1,40
3631,1,1,96
7729,0,0,8
6272,1,0,14
424,0,1,49
392,1,1,86
7707,1,1,90
16,0,0,8
7716,1,1,84
4200,1,1,86
2672,1,1,99
2444,1,1,69
7948,0,0,9
8198,0,1,88
3493,0,0,8
6044,0,0,8
1459,0,1,44
7459,0,0,9
7533,0,0,7
6975,0,0,5
6857,0,0,22
3835,1,0,7
8601,1,1,87
5683,1,1,81
7986,0,0,8
5827,1,0,18
9004,1,1,41
4724,1,0,34
8009,0,1,60
5887,0,0,5
2355,0,0,8
6036,0,0,19
4798,0,0,6
2442,0,0,9
6987,0,1,87
4592,1,1,97
8028,1,1,42
464,0,0,4
163,1,1,58
8550,0,0,8
8715,0,1,82
8132,0,0,4
9031,1,1,92
6636,1,1,56
241,0,0,8
2009,0,1,93
6356,0,1,64
3084,0,0,6
6208,0,0,24
900,1,1,47
5542,0,0,32
9173,0,0,2
8075,1,1,92
4837,1,1,90
2293,0,1,49
6548,0,1,40
6753,0,0,16
4481,1,1,94
5302,0,0,8
4605,0,1,70
3716,1,1,81
8372,1,0,28
6140,0,0,8
1764,1,0,16
7596,1,1,60
1549,1,1,78
3029,0,0,8
7795,1,0,2
6298,0,0,30
6662,0,1,82
6626,1,1,45
2044,0,0,9
767,0,0,10
5693,0,0,21
1508,0,0,12
3302,0,0,8
4517,0,0,8
4219,0,0,3
8379,0,0,9
6761,0,0,9
3292,0,0,16
819,1,1,64
1403,1,1,52
1382,0,0,10
2148,0,0,16
5671,1,1,99
1638,1,1,50
5891,0,0,3
608,0,0,14
399,0,0,16
6406,0,0,3
882,0,0,17
3565,0,1,58
4285,1,0,27
1179,0,0,7
5448,1,1,86
4244,1,1,98
5218,0,0,27
7050,1,1,88
2130,1,1,96
5078,1,1,43
456,0,0,3
7843,0,0,34
5175,1,1,98
1950,1,1,97
5372,1,1,56
689,1,0,10
9028,1,0,16
6525,0,0,18
9073,0,1,80
6488,0,0,17
1953,1,0,24
5636,0,1,50
8928,1,1,92
6610,1,0,16
2710,0,0,21
7623,0,0,8
7664,1,0,16
4349,1,1,62
4138,0,0,12
1884,0,0,4
7769,1,1,51
4485,1,1,80
2494,0,0,14
7371,0,0,6
3036,0,0,6
5777,1,0,31
3603,0,0,12
845,0,0,6
542,0,0,11
3724,0,0,7
4187,1,1,95
3679,1,1,81
8213,1,1,90
6075,0,0,19
6984,1,1,84
8312,0,0,11
7100,1,1,90
2964,0,0,8
2529,0,0,11
5772,0,0,35
1048,1,0,23
1960,0,0,8
2530,0,0,15
7602,0,0,13
6524,0,0,8
237,0,0,7
4917,0,0,8
6479,0,0,36
1133,0,0,7
5901,0,0,9
8358,0,0,13
4259,1,1,73
8136,0,0,28
9219,1,1,89
7631,1,1,86
7756,0,1,92
5656,1,1,78
7960,1,1,79
6097,0,0,8
5907,0,1,83
2978,1,1,86
8167,0,0,16
6721,0,0,21
5524,1,1,86
7936,0,0,7
8919,0,0,31
7696,1,1,98
3919,1,1,100
3138,0,0,8
8700,0,1,74
5789,0,0,27
4073,0,0,5
3287,1,1,89
3229,0,0,11
1826,1,1,54
5548,1,1,96
593,0,0,11
2725,1,0,16
4137,1,1,88
560,1,1,98
8774,0,0,11
7279,0,1,45
243,0,1,58
5435,1,1,74
4437,0,0,9
7172,1,1,68
405,1,1,56
1442,1,0,37
261,0,0,4
6926,0,0,36
8810,0,1,85
1689,0,0,8
1725,0,0,7
8302,0,1,56
4930,1,1,62
5962,1,1,72
2496,0,0,8
6106,0,0,5
8403,1,1,100
340,0,0,14
7213,0,0,7
1601,0,0,4
7233,0,0,22
5782,0,0,10
4576,0,0,10
3725,1,1,98
2556,1,1,61
2785,1,1,38
1523,0,1,49
8005,0,0,5
2831,0,0,16
1012,0,0,4
7413,0,0,14
4895,0,0,7
1766,1,1,91
4551,1,1,97
6549,0,0,9
4037,1,0,16
7067,0,0,5
8156,0,0,10
285,0,0,8
8914,0,0,3
363,0,0,30
5367,1,0,23
9188,1,1,70
7321,0,0,3
8733,0,0,3
4725,0,0,24
6770,0,1,48
4443,1,1,100
236,0,0,16
8854,1,0,25
2562,1,1,77
7231,1,0,18
8870,0,0,8
5519,1,1,47
8879,0,1,94
3083,1,1,75
2959,1,1,47
2102,0,0,7
632,0,0,6
7088,0,0,12
2493,1,1,88
2665,1,1,99
7488,0,0,4
4406,1,1,88
7588,1,0,2
7344,0,1,73
2334,1,1,71
9171,1,1,77
6596,0,1,41
3619,1,1,47
5561,1,1,93
3883,0,0,8
7012,0,0,37
4211,1,0,37
8782,0,0,20
1494,0,0,28
2401,0,0,4
3874,0,0,11
1232,0,0,8
2661,1,1,99
2817,0,1,40
7061,0,0,8
2774,0,0,6
9067,1,1,66
8191,0,1,60
4153,0,0,5
7695,0,1,66
3061,0,0,8
66,1,1,99
9189,0,0,3
1735,0,0,22
2823,0,0,4
6292,0,0,8
9175,0,1,40
7096,1,1,79
2475,1,1,86
2564,1,1,91
9224,0,1,53
3713,0,0,9
8287,0,0,8
8083,1,1,79
707,0,0,7
3046,0,1,47
8482,0,0,32
5189,1,1,47
7913,0,0,23
5472,0,0,5
6791,1,0,32
72,0,0,2
6018,0,0,11
4448,0,0,17
5860,1,1,38
4839,1,1,87
4131,1,1,64
5101,0,0,16
6764,0,0,8
1190,1,1,91
6431,0,1,49
2601,1,1,100
1125,0,0,7
1241,0,0,16
7033,1,1,100
3602,1,1,79
2349,0,0,9
7745,0,1,52
3351,0,0,28
5094,0,0,16
6602,0,0,10
4008,1,1,94
6780,0,0,28
1577,1,1,94
3906,0,0,8
3729,0,1,45
4358,1,1,61
5922,0,0,5
1343,1,0,16
9228,1,1,45
7848,1,1,98
440,0,0,18
6652,0,1,52
1100,0,0,8
2637,0,0,5
7298,1,0,9
649,0,0,27
1546,1,1,42
7852,1,1,47
7876,1,1,75
2852,1,1,76
3503,0,1,59
7450,1,1,99
6804,0,0,3
630,0,1,46
4768,0,0,8
1249,1,1,100
7077,0,0,23
482,1,1,92
1584,0,0,10
6830,0,0,8
4676,1,0,34
6385,0,0,17
1462,0,1,82
3040,0,0,4
5010,1,1,48
7945,1,0,15
7000,0,0,8
3273,0,0,8
3683,0,0,24
6674,0,0,17
6807,1,1,46
4145,0,1,38
8994,0,1,69
7296,0,1,42
4954,0,0,2
3225,1,0,17
1072,0,0,8
4815,1,1,62
8723,0,1,51
2631,1,1,99
6825,0,1,80
1660,0,0,9
5752,1,1,83
2425,0,0,29
5079,0,0,21
8441,1,1,54
5902,0,0,7
7844,0,1,51
3097,1,1,62
3976,1,1,97
1243,0,0,9
7586,0,0,3
1300,1,1,62
7030,0,0,8
6284,0,0,8
7359,0,1,44
6702,1,1,88
5481,0,0,9
8176,0,0,8
5495,0,0,10
5291,1,1,81
1408,1,1,86
1845,1,1,64
1798,0,0,16
3957,1,1,52
1475,1,1,93
8462,0,0,14
35,1,0,37
7855,0,0,4
6441,0,0,8
444,0,0,9
2359,0,1,60
3654,0,0,5
6302,1,0,16
7052,1,1,77
8106,1,1,99
3179,1,1,65
1286,1,0,36
7659,0,0,4
4445,1,1,81
3416,1,1,73
2137,0,0,6
6787,0,0,16
2636,0,0,16
4016,1,1,42
4097,0,0,3
1681,0,0,8
6813,1,1,44
9007,1,1,83
7518,0,1,47
5767,0,0,11
7162,0,0,4
5275,1,1,86
6894,0,0,8
1692,0,0,16
7625,0,1,57
8202,0,0,30
3635,1,1,71
372,0,0,13
7933,0,0,8
6012,0,1,88
5453,1,1,98
5921,1,1,99
4882,1,0,11
4565,0,0,11
140,0,0,18
4884,0,1,43
4419,0,0,9
8898,0,1,41
8766,0,0,28
714,0,0,6
5923,0,1,41
6936,0,0,6
6542,0,0,20
5243,0,0,10
3188,0,1,99
8651,0,0,8
4431,0,0,14
7247,0,0,4
6762,0,0,8
406,1,1,88
20,0,0,6
1004,0,0,24
7265,1,1,84
4986,0,1,81
2411,1,1,48
2545,0,1,52
7739,0,0,7
2390,1,1,100
8239,1,1,98
42,0,0,11
2830,0,0,25
5859,0,0,11
3371,0,1,41
3022,1,1,88
3364,0,0,8
4399,1,1,84
5252,1,1,38
11,1,0,25
4760,0,0,9
1177,0,0,7
6772,1,0,21
1947,0,0,22
2501,0,1,49
8568,1,1,95
2863,0,0,2
7942,0,0,9
3865,0,0,8
6228,0,0,20
1026,1,1,93
3848,0,0,3
2989,1,1,52
961,0,0,14
2889,0,0,9
7117,1,1,97
3015,1,1,85
7010,0,0,13
3338,0,0,22
6105,0,0,11
6245,0,0,13
7607,0,1,53
6434,1,1,100
7872,1,0,34
735,0,1,49
4400,0,0,16
1440,0,0,19
9003,1,1,93
8813,1,1,65
2875,1,1,67
3986,0,0,9
916,0,0,15
8397,1,1,77
8686,1,1,74
4089,0,0,5
8856,0,1,59
8063,1,1,99
2772,0,0,5
1624,0,0,8
8178,0,1,58
821,0,0,10
1367,0,0,12
3712,0,0,8
9102,0,1,71
1388,1,1,58
850,0,0,17
1000,1,0,18
8125,0,0,19
7681,0,0,36
4114,1,1,64
1637,1,1,44
1667,1,1,88
4589,1,1,98
3173,1,1,67
9122,0,1,59
1347,1,0,16
8681,1,1,85
8060,1,1,99
3230,1,1,47
7530,0,0,9
7866,0,0,21
7937,1,0,16
7789,1,1,90
4783,0,0,26
8065,1,1,91
3232,1,1,69
5704,0,0,2
8904,1,1,77
703,0,0,6
5105,0,0,15
8207,0,1,60
3291,1,1,88
3673,0,0,9
2408,1,1,39
8850,1,1,88
1327,1,1,40
8896,0,0,8
5773,1,1,64
6095,1,1,48
5406,0,0,6
8324,0,0,8
7770,0,0,12
6083,0,0,8
4909,1,1,93
4440,0,0,12
1863,0,0,16
986,0,0,8
4683,1,0,27
3952,1,1,73
8147,0,1,59
8525,0,0,7
8363,0,1,85
4049,1,1,42
6257,1,0,16
3485,0,0,9
6089,0,0,26
2474,1,0,16
5238,0,1,55
6454,1,1,89
3873,0,0,8
1198,0,0,6
4181,1,1,64
1518,1,1,77
8371,0,0,7
5477,0,1,40
6812,1,1,42
1799,0,0,6
1014,0,1,94
128,0,0,11
1364,1,0,37
7947,1,1,79
7175,1,1,95
4470,0,0,16
891,1,0,23
2793,0,0,8
1969,1,1,47
5455,1,1,78
4403,1,1,81
5757,1,1,90
6527,0,0,1
6294,1,1,47
3923,1,1,97
5413,1,1,84
8514,1,0,8
3249,1,1,75
6570,1,1,75
6638,1,1,92
8464,0,1,40
7975,0,1,51
1208,0,0,5
3868,0,0,3
8726,0,0,3
4065,1,1,81
8495,1,1,59
7831,0,0,7
1239,0,0,7
2289,1,1,56
2740,0,1,57
275,0,0,5
4585,1,0,33
1035,1,0,7
1229,0,0,16
6834,1,1,77
1008,1,0,14
5280,0,0,9
7377,0,0,9
5178,0,0,32
3828,0,0,7
2532,0,0,7
4293,0,0,16
1058,0,0,8
6262,0,0,13
7168,0,0,27
7669,0,0,8
281,0,0,2
1043,1,0,16
1316,0,0,8
6654,0,0,8
968,0,0,11
2381,0,0,8
3953,1,1,43
1939,0,0,28
7429,0,0,15
1274,0,0,3
619,1,1,60
8900,0,1,68
1742,0,0,22
1390,1,1,84
2203,0,0,25
5943,0,0,24
1579,0,0,5
1655,1,1,62
3568,0,0,7
2352,0,0,8
2212,0,0,25
6116,0,0,8
9211,1,1,90
6052,0,0,8
3178,0,0,8
3192,1,1,87
1307,1,1,72
6099,0,0,7
7029,0,0,19
575,0,0,31
2360,1,1,47
6656,0,0,23
7115,0,0,4
5802,1,1,99
8077,1,1,93
9053,0,0,4
1280,0,0,10
8292,1,0,20
4957,1,1,100
8361,0,1,84
5897,0,0,8
5724,1,1,96
1993,0,0,8
2639,1,0,27
269,1,1,100
629,0,0,14
7877,1,1,100
3081,0,0,13
3466,0,1,73
6430,1,1,84
8599,1,1,78
7062,0,1,59
4396,0,0,8
4023,1,1,46
8985,1,0,32
5543,0,0,6
5568,0,0,22
2046,0,0,26
4356,0,0,8
8102,0,0,8
8131,0,0,4
2113,0,0,37
27,1,1,88
2040,0,0,8
3928,0,1,57
2938,1,1,81
3216,0,0,8
4933,0,0,12
3814,1,1,91
129,1,0,5
7661,0,0,8
6104,0,0,16
2278,0,0,16
4599,1,0,31
13,0,0,8
8515,1,0,24
4476,0,0,8
5947,1,1,98
1525,0,1,44
2365,0,0,3
4648,1,1,74
3052,1,0,16
4005,1,1,92
6980,1,1,71
2340,0,0,14
374,1,1,59
7536,1,1,77
6477,1,1,83
525,0,0,9
939,1,1,46
3369,0,0,9
5718,0,0,4
4573,1,1,81
6895,1,1,38
2147,1,0,27
3591,0,0,9
8158,1,1,100
8784,0,0,16
2958,0,0,30
6164,0,0,16
3623,0,1,50
529,1,0,21
3714,1,1,69
8064,0,0,4
4732,1,1,99
1269,1,1,47
4281,1,1,96
1394,0,0,5
4850,1,0,9
4009,1,1,77
4390,0,0,10
1797,0,0,8
2979,1,1,100
1441,0,0,27
7728,0,0,8
2625,0,1,57
3811,1,0,36
5631,1,1,55
7746,0,0,20
7284,0,0,7
1273,0,0,7
6563,0,0,13
4703,1,0,31
7090,0,1,46
1712,0,0,6
9010,0,1,43
955,0,0,3
6675,0,1,60
7655,0,0,16
8217,0,1,42
8660,0,0,8
8837,0,0,16
8013,0,0,11
403,0,1,47
2071,0,0,8
9141,0,0,2
1977,0,0,4
158,0,0,17
5844,0,1,44
7005,1,1,64
3888,0,0,32
5451,1,1,84
902,0,1,39
352,0,0,33
5326,1,0,22
6078,0,0,16
6236,0,0,16
4540,1,1,85
4130,0,0,34
754,0,1,56
5833,0,0,36
2971,0,0,6
1082,0,0,4
2920,0,0,33
311,0,0,4
4644,0,0,21
661,1,1,93
7057,1,1,98
1989,1,1,69
3665,1,1,80
306,1,0,35
2335,0,0,6
4790,0,0,2
2356,1,1,92
3702,1,0,27
3804,0,0,8
1927,1,1,57
8618,0,1,39
3427,0,0,8
749,0,1,59
3638,0,0,8
7798,0,1,43
7521,1,1,59
1266,0,1,51
7563,0,0,34
7841,0,1,49
2956,1,1,93
3595,0,0,8
2134,1,1,98
7179,0,0,8
7157,0,1,79
7121,1,1,56
5066,0,0,22
4109,0,0,5
4969,1,1,61
4904,0,0,30
7294,0,0,2
514,0,0,8
894,0,0,3
409,0,0,13
7709,0,0,6
9220,0,0,14
3461,1,1,72
899,1,1,95
207,0,0,6
5203,0,0,23
458,0,0,17
2054,0,0,6
2430,0,0,7
250,0,0,7
8486,0,0,3
5437,0,1,45
1107,0,0,18
3389,0,0,21
5979,1,1,81
1713,0,0,22
3911,1,1,58
5383,1,1,65
715,1,0,28
552,0,0,16
1439,1,1,69
2270,1,0,16
3144,0,0,4
6917,0,0,15
2056,0,0,5
1925,1,1,86
634,0,0,5
6082,0,1,70
316,0,0,5
8558,0,0,6
8941,1,1,80
5424,0,0,15
427,0,0,4
7670,0,0,14
105,0,1,54
3041,0,1,92
4238,1,1,57
2169,0,0,29
1709,1,1,88
89,0,0,29
7014,1,1,60
7333,0,1,47
2241,1,0,4
3174,0,0,34
7713,0,1,41
6259,1,0,28
6732,0,0,16
1949,1,0,8
4044,1,1,88
9096,1,1,47
2848,0,0,2
6368,1,1,77
1,0,0,27
6139,0,0,11
4337,1,1,96
6047,0,0,5
935,1,1,83
713,1,1,71
2720,0,0,24
9195,0,0,28
5205,1,1,65
7906,0,0,10
591,0,0,10
9064,1,1,81
7753,1,1,72
2936,1,1,83
8744,0,0,26
2448,0,0,8
1576,0,1,44
8246,0,0,16
3762,1,1,81
213,1,1,60
778,0,0,7
5511,0,0,9
3496,1,1,87
8097,0,1,99
2043,1,1,92
8993,1,1,96
8781,0,1,90
5420,0,0,12
6154,1,1,100
1567,1,1,92
165,0,0,6
4702,0,1,52
3566,0,1,59
7902,1,1,38
8998,0,1,44
5439,1,1,100
2013,1,1,96
273,0,0,23
3860,0,0,4
4167,0,1,72
8211,1,1,87
3788,0,1,46
5183,1,1,100
394,0,0,7
583,0,0,5
9157,0,0,20
9226,0,0,8
116,0,1,46
6644,0,1,44
8336,0,0,8
6869,0,0,16
9193,0,1,69
9176,1,1,85
8270,1,1,46
520,0,0,5
1763,0,0,7
1875,0,0,30
5355,0,0,16
3965,0,1,62
3344,0,0,6
6598,0,1,81
2253,0,0,12
6877,0,0,36
3224,0,1,38
526,0,0,32
7722,1,1,81
2946,1,1,86
4473,1,1,81
3899,0,0,8
5655,1,0,10
692,0,0,16
6059,0,0,18
959,0,0,31
4444,1,1,68
8708,0,1,56
6342,0,0,8
6131,0,0,4
3633,0,0,23
5805,1,1,99
1050,1,1,86
590,0,0,17
519,1,0,16
3380,0,0,2
3676,0,0,9
5776,0,0,11
8347,1,0,32
6573,0,0,15
5179,1,1,86
1607,0,0,21
3610,0,1,46
9013,0,0,29
6635,0,0,8
9237,0,1,78
1809,1,1,75
791,0,0,21
792,0,0,7
3056,1,1,98
1855,0,0,8
8750,1,1,41
1980,0,0,13
3233,1,1,64
3598,1,0,16
933,0,0,22
3963,1,1,47
7890,0,0,2
7424,1,1,44
5626,0,1,48
5506,1,1,47
7620,1,0,11
6072,0,0,8
1682,1,1,96
4179,1,1,96
4026,1,0,35
8669,0,0,18
6446,0,1,49
4116,1,1,61
988,0,0,10
7964,0,0,26
8484,0,1,40
3453,0,0,21
2896,1,1,85
3778,1,1,85
5658,0,0,16
8424,0,0,7
3093,0,1,41
3155,0,1,76
5069,0,1,44
5806,1,1,58
3201,0,0,5
1823,1,1,88
8888,1,1,100
1098,1,1,78
8378,0,0,8
2844,1,1,84
886,0,0,24
3342,0,1,79
9159,0,0,2
7656,0,1,44
6540,0,1,87
8634,0,0,16
6096,1,1,82
515,0,0,11
3356,0,0,6
4833,1,1,73
1453,0,0,7
3553,0,0,9
3609,1,1,65
8951,0,0,12
4665,1,1,38
2506,0,0,4
2994,1,1,43
3999,0,0,5
6222,0,0,20
8973,0,1,53
9144,0,1,65
906,0,0,6
28,0,0,7
8517,0,0,8
2507,0,0,15
2428,0,0,6
5043,1,0,33
5346,1,1,94
762,0,0,16
3747,0,0,8
4811,0,0,29
284,0,0,37
686,1,0,36
4799,1,1,87
7437,0,0,8
2353,0,0,6
6353,0,0,11
3191,0,0,25
4569,1,1,88
21,0,1,43
2752,0,0,7
885,0,0,4
8602,0,1,52
917,0,0,2
8095,0,1,39
1040,0,0,5
6335,0,1,50
8185,0,0,3
7491,0,0,8
1265,1,1,74
4579,0,0,24
8554,0,0,6
7059,0,1,50
8891,1,1,92
277,0,0,3
5084,1,0,32
2084,0,0,16
1245,0,0,16
2382,0,0,4
571,0,0,3
1435,0,1,55
3902,0,0,9
5089,1,1,43
1247,1,0,11
7750,1,1,85
4681,1,1,95
3526,1,1,47
6557,1,1,65
2514,1,1,91
5445,0,0,4
1007,1,1,94
4770,0,1,45
6508,0,0,15
6999,1,1,100
4543,1,1,90
7779,0,0,12
8930,0,0,16
8840,1,1,91
4455,0,1,79
2064,0,0,37
5352,0,0,5
8522,1,0,35
1690,0,0,8
3117,0,0,8
8785,1,1,91
5343,1,0,18
1985,0,0,15
294,0,0,8
1547,0,0,12
2012,1,1,39
588,0,0,7
3329,1,1,83
2403,1,1,86
2129,0,0,3
3998,1,0,25
1574,1,1,100
3741,0,0,16
3508,0,0,3
8512,0,0,8
2719,1,1,51
8490,0,1,88
4521,0,1,49
6678,0,1,47
5150,0,0,18
2808,0,0,16
8807,0,1,54
556,1,1,90
6276,1,1,75
8238,0,1,57
4795,1,1,100
2469,0,0,14
3738,0,0,32
4286,0,0,5
8342,0,0,28
5289,0,0,5
1716,1,0,31
7512,0,1,54
2604,0,0,36
362,0,0,3
6924,0,0,26
1704,1,0,17
6959,0,1,47
7738,1,1,100
6714,1,1,92
6496,1,1,93
2139,1,1,38
3239,0,0,26
2383,0,0,8
7314,1,1,38
4311,0,0,13
1285,1,1,72
1312,0,0,8
8181,0,1,88
1996,0,0,6
3930,0,0,8
6183,0,0,8
5985,1,1,47
7850,0,1,49
1591,1,1,58
8942,1,1,57
8672,0,0,13
2162,1,1,65
2396,0,1,46
317,1,0,14
6367,0,0,6
8725,0,0,28
3111,0,0,8
5233,1,1,80
4688,1,1,78
5068,1,1,83
4036,1,0,16
795,1,1,48
3020,1,0,7
1711,0,0,13
3387,0,0,9
36,0,1,52
4549,1,1,81
913,1,0,15
5721,0,1,75
5295,0,0,10
3972,0,0,20
5370,0,0,29
6471,0,1,42
4133,1,0,35
974,0,0,5
7291,1,0,33
983,1,1,86
7393,0,0,12
954,1,1,88
1418,0,0,18
7428,0,0,8
1560,1,1,47
4135,1,0,22
5582,0,0,20
4616,0,0,29
4265,0,0,8
1355,1,0,13
8594,1,1,84
5016,1,1,47
8988,0,0,8
7816,0,0,7
7708,0,0,5
987,0,0,18
2682,0,0,31
7490,1,1,98
5047,0,0,5
1640,0,0,23
1290,1,1,90
3681,0,1,52
1380,1,0,33
1933,1,0,8
4675,1,1,100
2376,1,1,88
3160,0,0,22
2030,0,0,8
892,1,1,85
7287,0,0,35
4876,0,0,2
4069,1,1,87
4255,0,0,10
2,1,1,88
8366,0,1,91
8664,0,0,27
2109,1,1,69
849,0,0,3
2737,0,0,21
2466,0,0,30
7657,0,0,7
1914,0,1,86
1596,0,0,8
5872,1,1,100
1913,1,1,47
5139,0,0,10
8957,0,1,81
5640,0,0,16
2736,0,0,2
726,0,1,65
7214,1,1,60
53,0,0,7
1796,0,0,8
7684,0,0,13
3845,1,1,83
6007,0,0,24
6402,0,1,46
2553,0,0,8
2800,0,0,13
936,1,1,99
2265,0,0,16
824,1,0,18
4321,0,0,16
7274,0,0,16
3401,1,1,87
1389,0,0,13
3564,0,0,4
7410,0,0,16
884,1,0,27
5429,0,0,32
7742,1,1,70
7827,0,0,19
5703,0,0,8
5690,0,0,6
4867,1,1,70
6707,0,0,10
7878,0,0,37
7320,1,1,95
6369,0,0,4
1868,0,0,30
5181,0,1,76
10,1,1,41
3415,0,0,27
5421,0,1,57
7486,1,1,87
1463,0,0,8
806,0,0,3
4805,0,0,4
7547,1,1,56
9137,0,0,8
4068,1,1,98
2108,1,1,38
8447,0,0,8
2041,0,1,38
2234,0,0,4
7307,1,1,53
963,0,0,27
7511,0,0,15
8090,1,1,93
4494,1,1,55
2632,1,1,98
6094,1,1,89
7092,0,1,73
704,0,0,4
431,0,0,6
7832,1,1,86
4388,1,1,43
6077,0,1,53
145,0,0,3
6467,0,0,23
2033,0,1,79
7837,1,0,18
375,0,0,7
1165,1,1,89
3500,1,1,82
2050,1,1,53
3760,0,0,8
2624,0,0,5
4484,0,1,42
4435,0,0,7
3430,0,1,58
7999,0,0,4
7069,0,0,36
4361,0,0,22
2424,1,1,83
1262,1,0,29
1771,1,1,100
3511,1,0,19
271,1,0,6
4792,0,0,10
4843,1,1,88
244,0,0,24
9091,1,1,66
4572,0,0,14
2032,1,1,41
5053,0,0,8
8157,0,0,13
813,1,0,16
8927,0,1,95
6010,1,1,40
3810,1,1,92
5727,0,0,16
7583,0,0,16
9201,1,1,80
3212,1,1,96
1804,1,1,100
8583,1,1,93
4346,0,0,6
2461,1,1,100
545,0,1,59
3241,1,1,73
738,1,0,21
310,0,0,11
3521,1,1,81
7037,1,1,55
1131,0,0,13
5545,0,0,14
492,0,0,13
4111,0,0,31
7328,1,0,33
2769,1,0,28
7564,0,1,75
920,0,0,8
9051,0,1,78
8416,0,0,14
3587,0,0,17
6640,0,0,4
3959,0,0,8
7694,0,0,13
38,0,0,12
4459,0,0,5
7126,1,1,82
4278,1,0,34
7129,0,1,83
2983,0,0,2
5290,1,1,43
6948,0,0,3
130,1,1,96
5217,1,0,32
7980,0,0,19
9166,0,0,32
2667,0,0,6
7138,0,0,16
3223,1,1,39
1182,0,0,27
7693,0,0,28
5392,0,0,10
614,0,0,14
9149,1,0,16
1466,0,1,58
4497,1,1,71
3042,1,1,94
934,1,1,52
2419,0,0,3
5085,0,0,19
3294,0,1,38
6737,1,1,88
1500,1,1,70
4822,1,1,85
826,0,0,7
1521,1,0,30
8643,0,0,8
6831,0,0,4
2930,1,0,13
4232,1,1,53
7686,1,0,26
628,0,0,9
4430,1,1,49
3853,0,0,17
390,0,0,7
4345,0,0,18
9106,0,0,24
7124,0,0,7
5913,1,1,71
3990,0,0,13
400,1,1,46
4806,0,0,14
5135,1,1,86
8265,1,1,44
3359,1,1,79
46,0,1,66
5657,1,0,33
8044,1,1,100
488,0,0,8
3993,0,1,54
3642,1,1,56
3726,0,0,8
8824,0,1,79
5208,0,1,55
6609,0,0,8
7704,0,0,5
5319,1,1,67
709,1,1,74
7119,0,0,6
2421,0,0,8
5604,0,1,47
1750,0,0,26
9190,0,1,87
8318,0,0,24
4062,1,1,100
8977,1,1,74
338,0,0,8
215,1,1,67
3663,0,0,8
1341,1,1,50
8817,1,0,5
7982,1,0,29
5616,0,1,53
3894,0,0,5
3640,0,0,24
329,0,0,5
8114,0,0,26
3004,0,0,5
6960,0,0,8
4090,0,0,10
3115,0,0,12
9076,1,1,94
2322,0,0,12
6667,0,1,89
7009,1,1,75
4197,1,1,99
3549,1,1,85
1458,1,1,89
171,0,0,3
4203,0,0,16
8598,0,0,8
3569,1,1,79
4226,0,1,58
8248,1,1,53
5158,1,1,68
4120,0,0,19
6185,0,0,8
1639,0,0,13
938,1,1,51
60,0,0,8
1240,0,0,8
5760,0,0,8
5136,0,0,5
2343,1,1,93
6856,0,1,39
2120,0,0,16
1524,0,0,17
7617,0,0,8
153,0,0,6
6344,1,1,41
481,0,0,16
6122,0,0,6
4460,0,0,16
7674,1,1,81
7101,0,0,16
3920,0,0,10
7658,1,1,75
7411,0,0,8
1762,0,0,19
7634,0,0,31
7315,0,0,4
750,0,1,44
7715,0,0,8
1785,0,1,43
8381,0,0,26
7479,0,0,2
6212,0,0,8
4501,0,0,3
4853,0,0,26
2711,0,0,19
6766,0,0,16
4150,1,1,49
4193,0,0,5
1333,0,0,11
1250,0,0,24
6887,1,1,47
2854,1,1,97
186,1,1,87
1136,0,0,23
8674,0,1,79
8968,0,0,7
2058,0,0,12
8419,1,0,32
3850,0,1,47
148,0,0,25
4124,0,0,17
4889,0,0,6
8274,0,0,6
3363,0,0,11
4788,1,1,99
2866,1,1,55
3776,0,0,19
1386,1,1,100
5941,0,0,6
3067,0,0,13
8359,0,0,10
5695,1,1,99
3629,0,0,14
8734,1,1,40
4797,1,1,78
8260,0,0,16
3028,1,1,93
2969,0,0,19
8575,0,0,3
1708,0,0,6
2953,0,0,4
454,1,1,99
6964,0,0,6
6136,0,0,5
5868,1,1,97
6411,1,1,87
609,0,0,2
4263,1,1,81
4826,1,1,86
645,0,0,16
7454,1,0,23
8916,0,1,85
2074,0,0,3
4052,0,0,33
341,0,0,19
8041,0,0,8
1622,0,0,6
7141,0,0,8
5796,0,0,8
7184,0,0,3
5475,0,0,13
8541,1,1,91
74,0,0,6
8519,0,0,17
2051,0,0,7
2541,1,0,19
1301,0,0,5
5877,0,1,88
7368,0,0,8
1304,1,1,82
8393,0,1,95
2599,0,0,13
2573,0,0,16
3186,1,1,68
2768,1,1,52
4831,1,1,42
4223,1,1,88
8912,0,0,8
2106,0,0,8
2679,0,0,24
1387,1,1,100
8243,1,1,98
8922,0,0,9
7083,0,0,14
1279,1,1,66
804,1,1,48
1555,0,0,8
8763,1,1,100
4566,0,0,26
8932,0,0,3
4841,0,0,7
3594,0,1,56
6035,0,0,3
6852,1,1,96
4177,0,0,16
1308,1,0,8
3452,1,1,47
3695,1,1,48
4242,1,0,34
2198,1,1,65
4425,0,1,47
6150,1,1,68
943,1,1,91
822,1,1,100
5005,0,0,29
6612,0,1,45
5619,0,0,9
4547,1,1,48
2538,0,0,32
5207,1,1,80
8790,1,1,84
8313,0,0,11
3054,0,0,7
3675,0,0,12
7776,0,0,20
7218,0,0,37
6722,1,1,85
3300,0,0,5
3310,1,1,95
7221,0,0,3
5954,0,1,48
832,0,1,39
3462,1,1,51
7643,0,0,9
54,0,0,8
3451,0,1,53
6305,1,1,96
1481,1,1,95
4873,1,0,28
8038,1,0,14
3335,0,0,9
6016,1,0,16
4926,1,1,92
5797,1,1,91
9083,0,1,47
5083,0,0,8
6645,1,1,68
5490,1,1,90
768,1,1,46
2065,0,1,88
8777,0,1,41
7311,0,0,16
4524,0,0,2
2717,0,0,6
2079,1,1,58
951,0,0,14
8058,0,0,23
2482,0,0,19
1759,0,0,8
4422,1,1,90
6704,0,0,3
5182,0,0,7
3701,0,0,7
4243,0,0,25
688,0,1,50
3432,1,0,16
4944,1,1,90
966,0,0,24
8761,1,1,86
2713,1,1,89
4757,1,1,58
8818,1,0,31
6320,0,0,9
5975,1,1,59
3572,0,0,8
5299,0,0,17
1990,1,0,29
1205,0,0,36
4971,1,1,85
6783,0,1,40
3600,0,0,3
6490,0,0,3
8070,1,1,99
7973,0,0,1
1625,1,1,89
536,0,1,56
7970,1,1,100
4212,1,1,100
6456,0,1,43
3507,0,0,12
7112,0,0,11
2708,1,1,48
5031,0,0,6
6514,0,1,41
4662,1,1,100
4021,1,0,17
1854,0,0,8
8709,0,0,1
2872,0,0,21
3030,0,0,5
1645,0,0,16
3417,1,1,53
3476,0,0,18
8825,0,0,16
1792,0,0,26
3797,0,0,19
3368,0,1,57
7196,0,0,5
8906,1,1,83
5109,0,0,7
6024,0,0,17
8582,1,0,13
126,0,0,4
5959,0,0,8
3876,0,1,47
4451,0,1,42
7147,0,0,7
3531,0,0,29
827,0,0,37
7790,0,0,8
984,0,0,5
7783,0,0,9
2443,1,1,100
345,1,1,40
814,0,0,8
6166,1,1,72
5779,0,0,2
2116,0,1,41
793,0,0,8
6898,1,1,74
2674,1,1,99
94,0,0,11
4225,0,0,11
3756,0,0,5
2891,0,0,16
2371,0,0,3
8673,1,0,33
3228,0,1,85
7863,1,1,100
6359,0,0,36
8487,0,0,14
7326,1,1,84
6028,1,1,96
1865,0,0,5
4612,1,1,94
2645,1,1,47
2243,1,1,93
5373,1,0,29
2336,1,0,16
950,0,0,3
1120,0,0,8
2204,0,0,6
419,0,0,14
922,1,1,38
5408,1,1,47
5788,0,0,8
5742,1,1,76
7667,0,0,13
5567,0,0,11
8135,0,1,67
1202,0,0,10
5765,0,0,8
1970,0,0,11
4018,1,1,65
3687,1,0,8
1997,0,1,59
4033,1,0,16
1248,0,0,37
2192,0,1,38
2712,1,1,42
2190,0,0,8
4670,0,1,73
5142,1,1,44
5984,0,0,18
6565,1,1,100
7804,0,0,18
6943,0,1,62
2136,0,0,8
1065,0,0,23
600,1,0,35
4227,1,0,37
7577,1,1,47
77,1,1,100
7546,1,1,95
2898,0,0,3
4820,0,1,46
8590,0,0,8
6413,0,0,25
8007,0,0,9
5468,0,0,8
5951,0,0,13
3391,0,0,11
5415,0,0,7
2560,1,1,50
8162,0,0,8
2635,0,0,3
5256,0,1,41
3530,0,0,8
1908,0,0,6
235,0,0,3
1604,0,0,8
7984,1,0,36
3490,0,0,14
1994,1,1,78
2824,0,0,2
8573,0,0,5
1342,1,0,2
1619,1,1,86
5287,0,0,10
2060,1,1,74
9196,1,1,98
2219,0,0,33
6038,0,1,38
260,1,1,100
8650,1,1,85
3744,0,0,16
2026,1,1,81
6988,1,1,47
4234,0,0,24
1917,0,0,16
1828,0,0,16
6233,0,0,16
8619,0,0,33
6283,0,0,4
4208,1,1,97
224,0,0,16
6469,0,0,10
8697,0,1,88
846,1,1,93
4289,0,0,18
5560,1,1,47
2551,0,0,12
117,0,0,30
5966,0,1,45
8195,0,1,47
7489,1,0,30
5,0,0,8
5342,0,0,11
4324,0,1,46
1063,1,0,5
2590,1,1,96
8434,1,1,98
3735,1,1,99
3517,0,0,14
6986,1,0,37
6767,1,1,60
5622,0,1,74
1605,1,1,72
1733,0,0,31
8628,0,1,66
3812,0,0,29
8889,1,1,61
1761,1,1,96
5401,0,0,17
2739,0,0,8
2472,1,0,36
6738,0,1,46
6891,0,0,4
7943,0,0,8
4206,0,0,34
6371,0,0,26
232,0,1,80
8258,0,0,8
7561,0,1,78
6168,0,0,16
3596,0,0,16
6288,0,0,5
4632,0,0,5
125,0,0,3
7641,1,1,98
6229,1,1,60
1296,1,1,79
1976,0,1,59
8757,1,0,21
5750,0,0,14
8152,0,0,5
3086,1,1,75
8564,1,1,60
6882,1,1,47
8593,0,0,16
7673,0,0,21
3345,0,0,16
8172,0,1,88
8705,0,0,16
5870,0,0,4
6506,0,0,8
2797,1,1,98
918,1,1,100
1646,1,0,21
5122,0,0,7
5126,0,1,86
4621,0,0,13
6809,0,0,6
364,1,1,100
2125,0,1,47
8150,1,0,25
55,0,0,4
638,0,0,11
302,0,0,13
5811,0,0,14
1276,0,0,20
4432,1,1,98
3644,0,0,3
4143,0,0,10
2878,1,1,57
6493,1,0,16
5240,1,1,85
8692,0,1,85
6937,1,1,100
7240,1,1,82
2593,1,1,67
2393,1,0,30
523,0,1,49
6376,0,0,8
6981,0,1,39
6677,0,0,8
3900,1,1,72
8899,1,1,94
5585,1,1,46
8646,1,1,82
7956,0,0,13
7570,1,1,90
6777,0,0,31
671,1,0,11
4188,0,1,47
666,0,0,12
3266,1,0,25
1887,1,1,75
8472,0,0,18
7687,0,0,23
6031,0,1,56
6090,0,1,57
6238,1,1,68
7350,0,0,7
7830,0,0,14
760,1,1,55
6254,0,0,3
1906,0,1,82
3818,0,0,9
6269,1,1,69
4300,0,1,47
5569,0,0,8
7941,1,1,72
4164,0,0,19
5971,0,0,16
3579,0,0,8
2832,0,0,29
5449,0,1,48
3472,0,0,11
6327,0,0,16
137,1,1,88
7043,1,1,53
4892,1,1,93
2180,0,0,4
7730,0,0,8
3177,1,1,72
4854,0,0,27
4637,0,0,11
5115,0,0,9
7648,0,0,10
4261,0,0,16
1331,1,0,33
7002,0,0,16
6941,0,0,7
8017,0,0,3
6241,0,0,16
9227,1,1,89
6881,0,0,5
4530,0,0,19
4673,0,0,8
6996,1,1,74
1252,0,0,5
3374,0,0,24
2814,1,1,39
4719,1,1,55
6544,1,1,100
4858,1,1,82
7901,0,0,37
8580,1,0,8
8427,0,0,12
1077,1,0,13
4363,0,0,2
770,0,1,54
249,1,1,94
7239,1,1,88
3419,0,0,3
4976,0,1,40
4544,0,0,9
5565,0,0,6
7939,0,0,8
716,0,0,11
8915,1,1,63
2048,0,0,17
5997,0,0,8
6600,0,0,11
7245,1,1,98
4178,0,1,47
4809,1,1,74
8759,1,1,98
7140,0,1,38
7190,1,1,72
1460,1,0,8
5989,0,0,32
2000,0,0,10
8175,1,0,30
404,1,1,50
384,0,0,15
8764,0,1,97
1633,0,0,3
8828,0,1,73
4784,1,1,99
8735,0,0,11
6970,0,0,35
3925,0,0,27
4158,1,1,57
7449,1,1,43
8415,1,1,95
2193,0,0,8
1015,1,0,37
5124,0,1,52
7418,0,0,9
7409,1,1,83
2871,0,0,8
9,0,0,9
1838,0,0,10
4804,1,1,60
255,1,1,65
7026,0,0,16
5713,0,0,10
3324,0,1,47
7714,0,0,9
1581,1,1,44
924,0,0,17
2779,0,0,2
7891,1,0,24
6132,0,0,8
5320,1,0,8
7312,0,0,10
7102,1,1,72
6042,0,0,2
3775,0,0,8
4835,0,0,8
4964,0,0,10
539,0,0,10
7483,0,1,39
2745,0,0,2
3719,0,0,33
6819,1,1,85
4468,0,0,11
667,1,1,88
7575,0,0,8
8549,0,0,11
5063,0,0,32
1353,0,0,6
7114,0,0,5
9027,1,0,33
8662,1,0,32
2703,1,1,62
3330,1,1,96
8053,1,1,98
3584,0,0,12
8722,1,1,72
5645,0,0,12
3376,1,1,69
1256,0,0,7
6190,0,0,8
5348,0,0,3
4175,0,0,15
4910,0,0,16
1852,0,0,8
6316,0,0,8
9103,0,0,14
2105,1,1,84
133,1,1,100
5029,0,0,14
928,0,0,11
823,0,0,4
7576,0,0,8
1531,0,0,4
1214,1,1,90
504,0,0,30
6530,1,1,100
3072,1,1,100
8647,0,1,82
6619,0,0,14
3709,0,0,8
4849,1,1,100
4748,1,1,86
4268,1,0,25
9126,1,1,91
4186,0,1,41
5301,0,0,4
2923,1,0,27
6588,0,0,7
1810,0,0,6
3486,1,1,88
7419,1,0,33
3141,0,0,16
1324,1,1,99
4312,1,0,5
7494,0,0,34
8702,0,1,79
8691,0,0,16
8780,0,0,19
5541,1,1,96
6172,1,1,39
1540,1,1,84
2681,1,1,99
9130,1,1,85
6313,1,1,79
1191,0,1,38
5293,1,1,100
1542,1,1,99
7056,0,0,16
2539,0,0,15
953,1,1,94
7241,0,0,2
6731,0,0,24
4846,0,0,36
6801,0,1,40
8010,0,0,4
4330,1,1,94
5334,1,1,68
7330,0,1,45
4729,0,0,9
6541,0,1,48
5305,0,0,14
5161,0,0,6
7860,0,1,59
2156,0,0,4
1062,0,0,15
1167,1,1,47
3636,0,0,10
7651,0,1,78
5588,1,1,95
7192,0,0,5
4491,0,1,47
7266,0,0,8
4980,0,0,30
8335,1,0,16
9194,0,0,18
4946,0,0,18
2782,1,1,47
717,0,0,4
2502,0,1,60
4360,1,1,91
4171,1,0,17
8082,1,1,95
9015,1,1,100
395,0,0,16
7186,1,1,53
9074,1,1,84
4492,0,0,25
1365,1,1,100
8801,1,1,96
5917,0,0,2
4968,1,1,78
2914,1,1,75
5644,1,1,79
3766,0,0,8
3440,0,0,8
7357,0,0,3
6806,0,1,84
2143,0,0,3
5104,0,0,15
5073,0,0,6
1571,1,1,47
4079,0,1,63
1122,0,0,8
2786,1,1,100
2967,1,1,38
2504,1,1,97
5988,0,0,11
7164,0,0,8
728,0,0,2
7587,0,0,6
7543,0,0,25
412,0,0,6
5745,0,1,48
7668,0,0,4
825,0,0,18
3267,1,1,100
3974,0,0,6
8808,0,0,13
8306,0,1,47
417,0,0,10
6748,0,0,18
2082,0,0,30
3373,1,0,16
5726,0,0,16
4107,0,0,12
4380,0,0,6
7723,0,1,57
1066,0,0,9
3913,0,0,16
5536,1,1,47
8002,1,1,54
5387,0,1,83
5732,1,1,79
2738,0,0,12
5052,1,1,47
4000,0,0,22
2427,1,0,35
6833,1,1,47
1687,0,0,4
851,1,1,43
6303,0,0,16
5878,0,0,16
8527,0,0,15
2839,0,0,7
4611,0,0,8
2489,1,1,88
6905,0,0,4
7390,0,0,16
2849,0,0,3
6665,1,1,38
5881,0,0,7
4452,0,1,38
7421,1,0,5
6484,1,1,41
2479,1,1,86
6617,1,1,100
2141,0,0,18
5188,0,0,32
2744,1,1,67
7253,1,1,88
3506,0,0,8
1679,0,0,8
4249,0,0,3
3147,1,1,92
8130,1,1,40
7004,0,0,4
580,1,0,28
4070,0,0,30
3343,1,0,16
7404,1,1,42
3672,0,0,6
559,0,1,50
5237,0,1,48
7805,1,1,97
512,0,1,54
1081,0,0,8
1664,0,0,16
1931,1,1,41
8929,0,1,59
1150,1,1,75
2838,0,0,8
5949,0,0,25
8308,0,0,23
5177,0,0,18
830,0,0,16
8311,0,0,5
4752,0,1,48
8980,1,1,96
635,0,0,16
4465,0,0,8
6799,1,1,44
7987,1,1,50
7079,0,0,13
6966,0,0,4
4142,0,0,13
7027,0,0,2
876,1,0,8
4869,1,1,59
5315,1,1,47
5222,0,0,13
4,1,0,25
3051,1,1,88
5691,0,1,47
3124,0,1,48
2491,0,0,10
3854,1,1,83
4777,1,1,92
7509,0,0,16
6457,0,0,23
6293,0,0,16
1148,1,0,33
574,0,0,20
3769,0,0,8
4146,0,0,4
853,1,0,7
5919,0,0,8
6614,0,0,8
6002,1,1,46
4495,0,0,8
8173,1,1,82
6655,0,1,41
2368,1,1,42
4780,1,1,47
7992,0,0,24
2950,1,0,4
5625,0,1,80
6971,0,0,13
8716,1,0,17
1841,0,0,8
5986,0,0,14
537,0,0,6
2806,1,1,99
5801,1,1,99
5596,0,0,11
7206,0,0,34
7343,0,0,19
7560,0,0,2
8096,1,1,73
784,1,1,100
1409,0,0,2
154,1,1,45
7806,0,0,34
3009,0,0,15
1686,0,0,18
4014,1,1,48
7455,1,1,89
3863,0,0,6
2733,0,0,8
1895,0,0,9
5442,0,1,44
569,0,0,7
6709,1,1,98
5854,1,1,41
1816,0,0,12
8319,0,0,16
3394,0,1,38
3327,0,0,6
9222,0,1,40
6102,1,0,3
2975,0,0,4
980,0,0,17
190,0,0,8
5088,0,0,10
699,0,0,7
9014,1,1,61
606,0,0,4
301,1,0,17
3420,1,1,47
9056,0,0,13
1060,1,1,47
3444,1,1,100
1069,0,0,5
2205,0,0,15
7339,0,0,8
8208,1,1,41
7679,0,0,13
4642,1,1,71
7683,1,1,92
7996,1,0,34
5600,0,0,10
7022,0,0,3
4893,0,1,90
225,1,1,45
3354,0,0,13
5895,1,1,92
8754,1,1,87
3436,1,0,28
1693,1,1,79
6893,0,0,8
1045,1,1,61
3446,1,1,74
8050,1,1,69
9221,0,1,78
4735,1,1,48
4496,1,1,80
1218,0,0,8
6015,1,1,96
3987,0,0,8
4911,0,0,10
4493,0,1,47
6944,1,1,98
5699,1,1,91
8352,0,0,8
956,1,0,35
2869,0,1,39
4433,0,0,23
4973,1,1,79
2961,1,1,100
2200,0,0,4
98,1,1,79
9100,1,1,98
2557,0,0,27
8445,1,1,86
4199,0,0,7
5539,0,0,8
1648,1,1,52
6197,1,1,46
6295,0,0,16
4499,0,0,8
1154,0,0,8
2255,0,0,8
3170,1,1,47
7400,0,1,43
7158,0,0,16
3108,0,0,8
4548,1,1,59
5423,1,1,99
2049,1,1,92
8815,0,1,79
9049,1,1,75
262,1,1,100
4061,1,1,97
5534,1,0,37
6616,1,1,68
8120,1,1,100
8155,0,0,6
1802,0,0,13
4736,0,1,45
2385,0,0,29
6694,0,1,75
5759,0,0,16
1959,0,0,5
2976,1,1,99
8680,0,0,8
1843,0,0,11
1734,0,0,23
2911,0,0,13
8338,1,0,26
1986,1,0,22
6546,1,1,100
7098,1,1,94
2811,0,0,6
659,1,0,23
2511,0,0,11
4282,0,0,17
8800,0,0,26
6287,0,0,8
1930,1,1,77
7125,1,1,63
197,0,0,7
7777,0,0,8
2931,0,0,8
8004,0,0,10
2327,0,0,16
4389,1,1,47
8958,0,1,73
4218,1,1,100
202,0,0,8
3510,0,0,12
4931,0,0,26
5535,0,1,97
5791,1,1,99
1707,0,0,8
5172,0,0,9
5249,0,0,14
6528,1,1,94
9099,1,0,5
5855,0,0,8
8164,1,1,83
854,1,1,58
4737,1,1,93
698,0,0,11
3696,0,0,6
1636,0,0,6
7280,0,0,8
7554,0,0,8
3581,0,0,8
1291,0,0,6
6585,0,0,21
1853,0,0,16
5232,0,0,6
3763,1,1,75
3304,1,1,47
1495,0,0,13
7994,1,1,51
1998,0,0,11
663,1,1,92
3748,0,0,7
4413,1,1,66
5530,0,0,10
5575,0,1,92
8901,0,1,85
7526,1,1,93
5864,0,0,8
6776,0,0,5
1306,1,0,20
7392,1,0,35
5592,0,0,36
1663,1,1,100
5450,0,0,7
3627,0,0,9
2693,0,0,16
5915,1,1,97
3157,0,0,5
6668,0,0,14
1059,0,0,3
4636,0,0,22
3242,0,1,72
1678,1,1,51
6892,1,1,84
6374,0,0,8
7574,1,1,50
1757,0,0,16
6019,0,0,6
5116,1,0,16
8755,0,0,37
7408,1,1,44
2790,0,0,37
863,0,0,5
7858,1,0,23
1484,0,0,7
7035,1,0,34
7721,0,1,47
5977,0,0,8
5134,0,1,39
206,0,0,19
4488,1,1,78
6938,0,0,24
9062,1,1,85
6910,0,0,5
502,1,1,46
7385,1,1,55
1028,0,0,8
3840,1,1,95
8110,1,1,89
5056,0,1,51
8154,0,0,16
2731,0,0,7
8996,0,0,19
2454,0,0,4
7215,1,1,92
3104,0,0,8
8392,1,1,47
6278,0,1,48
3099,0,1,43
6184,1,0,15
3561,0,0,8
5892,1,1,56
391,0,0,8
6736,1,1,92
5618,0,0,4
5258,1,1,94
2695,1,1,70
2027,1,1,83
5463,0,1,52
2568,1,1,86
8006,0,0,4
64,1,1,90
2062,0,0,5
5276,1,1,100
7208,1,1,60
8684,1,0,32
8571,1,1,91
6331,0,0,8
4859,0,0,16
4887,0,0,15
878,0,0,9
8529,0,0,20
7916,0,0,6
6863,1,1,79
7892,0,0,24
6439,0,0,11
7869,1,1,43
1016,0,0,13
7629,0,0,8
995,1,0,13
4297,1,1,95
161,1,1,100
5675,0,1,62
6873,0,0,16
7989,1,1,79
3843,0,0,14
1021,1,0,19
3073,1,1,76
7555,0,0,8
3943,0,0,8
1585,1,1,88
3152,0,1,66
8226,1,1,90
775,0,1,58
7099,1,0,33
5486,0,0,16
6235,0,1,39
7041,0,1,47
2612,0,0,6
7513,0,0,3
8433,0,1,79
8792,0,1,43
5393,1,1,90
8838,0,1,98
3890,0,0,16
3556,1,1,64
1528,1,1,74
1267,1,1,85
7734,0,1,55
1899,1,1,91
4658,0,0,32
3005,1,1,92
2734,1,1,94
189,1,0,33
9167,0,0,10
2747,0,0,4
2047,0,0,8
7849,1,1,94
2558,0,0,28
8666,0,0,5
6396,0,0,8
3385,0,0,13
4555,1,1,86
1184,1,1,41
6420,0,0,16
5051,1,1,79
5311,0,0,13
2433,0,0,16
6949,0,0,21
769,0,0,10
1685,0,0,16
8322,1,1,82
5578,0,0,7
4426,1,1,55
466,1,0,10
6265,1,1,42
5734,0,0,8
5191,0,0,8
5390,1,1,98
860,0,0,13
7270,1,1,63
